finding,split_seed,adjustment_method,n_patients,n_female,n_male,delta_s,p_value,q_value,reject_bh,n_resamples,n_valid_permutations,n_invalid_permutations,exceedances,permutation_seed
Atelectasis,3658676649,ipw,6158,2789,3369,0.009825525041810002,0.033396660333966606,0.15048495150484953,False,10000,10000,0,333,660775338
Consolidation,3658676649,ipw,6158,2789,3369,0.006113695298004707,0.5076492350764924,0.7307269273072693,False,10000,10000,0,5076,660775338
Infiltration,3658676649,ipw,6158,2789,3369,0.006806844006046142,0.012398760123987601,0.0867913208679132,False,10000,10000,0,123,660775338
Pneumothorax,3658676649,ipw,6158,2789,3369,0.012113014058433902,0.2675732426757324,0.6565343465653434,False,10000,10000,0,2675,660775338
Edema,3658676649,ipw,6158,2789,3369,-0.009669913994071244,0.691030896910309,0.7441871197495634,False,10000,10000,0,6910,660775338
Emphysema,3658676649,ipw,6158,2789,3369,0.005946858822119497,0.3591640835916408,0.7183281671832816,False,10000,10000,0,3591,660775338
Fibrosis,3658676649,ipw,6158,2789,3369,0.018489683245893285,0.006799320067993201,0.0867913208679132,False,10000,10000,0,67,660775338
Effusion,3658676649,ipw,6158,2789,3369,0.005436321131801203,0.2813718628137186,0.6565343465653434,False,10000,10000,0,2813,660775338
Pneumonia,3658676649,ipw,6158,2789,3369,0.007505039838459293,0.6101389861013898,0.7307269273072693,False,10000,10000,0,6101,660775338
Pleural_Thickening,3658676649,ipw,6158,2789,3369,0.00014905398702197425,0.9829017098290171,0.9829017098290171,False,10000,10000,0,9829,660775338
Cardiomegaly,3658676649,ipw,6158,2789,3369,0.012046147746621383,0.042995700429957005,0.15048495150484953,False,10000,10000,0,429,660775338
Nodule,3658676649,ipw,6158,2789,3369,-0.0022198456290346558,0.6263373662633737,0.7307269273072693,False,10000,10000,0,6263,660775338
Mass,3658676649,ipw,6158,2789,3369,0.002572926797644981,0.5718428157184282,0.7307269273072693,False,10000,10000,0,5718,660775338
Hernia,3658676649,ipw,6158,2789,3369,0.019529328133756685,0.4636782069241545,0.7307269273072693,False,10000,9993,7,4633,660775338
Atelectasis,768519171,ipw,6160,2789,3371,0.010761539033549594,0.0817918208179182,0.2021047895210479,False,10000,10000,0,817,970040079
Consolidation,768519171,ipw,6160,2789,3371,0.014826872711958039,0.11548845115488451,0.2021047895210479,False,10000,10000,0,1154,970040079
Infiltration,768519171,ipw,6160,2789,3371,0.009257216232369747,0.007999200079992,0.05599440055994401,False,10000,10000,0,79,970040079
Pneumothorax,768519171,ipw,6160,2789,3371,0.01849587390565216,0.1065893410658934,0.2021047895210479,False,10000,10000,0,1065,970040079
Edema,768519171,ipw,6160,2789,3371,-0.03143166408228987,0.23967603239676033,0.37282938372829383,False,10000,10000,0,2396,970040079
Emphysema,768519171,ipw,6160,2789,3371,0.04700946037502654,9.999000099990002e-05,0.0013998600139986002,True,10000,10000,0,0,970040079
Fibrosis,768519171,ipw,6160,2789,3371,0.024141742052733617,0.0207979202079792,0.0970569609705696,False,10000,10000,0,207,970040079
Effusion,768519171,ipw,6160,2789,3371,0.009732513375238838,0.10888911108889111,0.2021047895210479,False,10000,10000,0,1088,970040079
Pneumonia,768519171,ipw,6160,2789,3371,-0.006298382091445065,0.7572242775722428,0.8154722989239538,False,10000,10000,0,7572,970040079
Pleural_Thickening,768519171,ipw,6160,2789,3371,0.0059777589211112425,0.5833416658334166,0.6805652768056527,False,10000,10000,0,5833,970040079
Cardiomegaly,768519171,ipw,6160,2789,3371,0.00471161005156609,0.5822417758224178,0.6805652768056527,False,10000,10000,0,5822,970040079
Nodule,768519171,ipw,6160,2789,3371,-0.003916263273459175,0.5401459854014599,0.6805652768056527,False,10000,10000,0,5401,970040079
Mass,768519171,ipw,6160,2789,3371,-0.0003788605477201834,0.9519048095190481,0.9519048095190481,False,10000,10000,0,9519,970040079
Hernia,768519171,ipw,6160,2789,3371,0.039648581399707034,0.03251951170702422,0.11381829097458476,False,10000,9993,7,324,970040079
Atelectasis,113462462,ipw,6159,2769,3390,0.01572598938760622,0.0030996900309969004,0.0433956604339566,True,10000,10000,0,30,1503646903
Consolidation,113462462,ipw,6159,2769,3390,0.0099440593649881,0.37816218378162186,0.5504949505049495,False,10000,10000,0,3781,1503646903
Infiltration,113462462,ipw,6159,2769,3390,0.008216329311443893,0.015198480151984802,0.07092624070926241,False,10000,10000,0,151,1503646903
Pneumothorax,113462462,ipw,6159,2769,3390,0.017048922204569883,0.14358564143585642,0.40203979602039797,False,10000,10000,0,1435,1503646903
Edema,113462462,ipw,6159,2769,3390,-0.025482622833065238,0.41682504751425425,0.5504949505049495,False,10000,9996,4,4166,1503646903
Emphysema,113462462,ipw,6159,2769,3390,0.007791880260623399,0.39066093390660933,0.5504949505049495,False,10000,10000,0,3906,1503646903
Fibrosis,113462462,ipw,6159,2769,3390,0.016893600093848604,0.051794820517948204,0.1812818718128187,False,10000,10000,0,517,1503646903
Effusion,113462462,ipw,6159,2769,3390,0.0014642579676913403,0.8084191580841916,0.8355164483551645,False,10000,10000,0,8084,1503646903
Pneumonia,113462462,ipw,6159,2769,3390,0.012670790217391925,0.41675832416758324,0.5504949505049495,False,10000,10000,0,4167,1503646903
Pleural_Thickening,113462462,ipw,6159,2769,3390,0.006239952095613288,0.47185281471852814,0.5504949505049495,False,10000,10000,0,4718,1503646903
Cardiomegaly,113462462,ipw,6159,2769,3390,0.016679418708416216,0.008599140085991401,0.06019398060193981,False,10000,10000,0,85,1503646903
Nodule,113462462,ipw,6159,2769,3390,0.0011798737007351345,0.8355164483551645,0.8355164483551645,False,10000,10000,0,8355,1503646903
Mass,113462462,ipw,6159,2769,3390,0.0043871735946384716,0.4570542945705429,0.5504949505049495,False,10000,10000,0,4570,1503646903
Hernia,113462462,ipw,6159,2769,3390,0.020590568106223395,0.3277672232776722,0.5504949505049495,False,10000,10000,0,3277,1503646903
Atelectasis,2748406118,ipw,6160,2891,3269,0.0066519063205862095,0.047995200479952004,0.22397760223977603,False,10000,10000,0,479,2370206975
Consolidation,2748406118,ipw,6160,2891,3269,0.004784173224684052,0.5914408559144085,0.6900143319001434,False,10000,10000,0,5914,2370206975
Infiltration,2748406118,ipw,6160,2891,3269,0.002991574835211619,0.15358464153584642,0.5148685131486852,False,10000,10000,0,1535,2370206975
Pneumothorax,2748406118,ipw,6160,2891,3269,0.009182484869827368,0.2248775122487751,0.5148685131486852,False,10000,10000,0,2248,2370206975
Edema,2748406118,ipw,6160,2891,3269,-0.017221786326768795,0.3427657234276572,0.5148685131486852,False,10000,10000,0,3427,2370206975
Emphysema,2748406118,ipw,6160,2891,3269,0.0049750803775817365,0.3147685231476852,0.5148685131486852,False,10000,10000,0,3147,2370206975
Fibrosis,2748406118,ipw,6160,2891,3269,0.016859128803859147,0.0029997000299970002,0.03499650034996501,True,10000,10000,0,29,2370206975
Effusion,2748406118,ipw,6160,2891,3269,0.0019296592799625256,0.6771322867713229,0.7292193857537324,False,10000,10000,0,6771,2370206975
Pneumonia,2748406118,ipw,6160,2891,3269,0.0028016499436778197,0.7308269173082692,0.7308269173082692,False,10000,10000,0,7308,2370206975
Pleural_Thickening,2748406118,ipw,6160,2891,3269,0.01700164006168081,0.004999500049995001,0.03499650034996501,True,10000,10000,0,49,2370206975
Cardiomegaly,2748406118,ipw,6160,2891,3269,0.004199569239859646,0.36776322367763226,0.5148685131486852,False,10000,10000,0,3677,2370206975
Nodule,2748406118,ipw,6160,2891,3269,0.005033826333964986,0.21847815218478153,0.5148685131486852,False,10000,10000,0,2184,2370206975
Mass,2748406118,ipw,6160,2891,3269,0.003293214871953387,0.43195680431956807,0.5497632054976321,False,10000,10000,0,4319,2370206975
Hernia,2748406118,ipw,6160,2891,3269,0.007879581673270436,0.2959255180698769,0.5148685131486852,False,10000,9988,12,2955,2370206975
Atelectasis,1569714665,ipw,6160,2876,3284,0.011735664337337248,0.015398460153984602,0.07185948071859481,False,10000,10000,0,153,2004408191
Consolidation,1569714665,ipw,6160,2876,3284,0.01796314245897923,0.0603939606039396,0.16910308969103088,False,10000,10000,0,603,2004408191
Infiltration,1569714665,ipw,6160,2876,3284,0.0056578769736796986,0.0458954104589541,0.16063393660633934,False,10000,10000,0,458,2004408191
Pneumothorax,1569714665,ipw,6160,2876,3284,0.0011428545341589658,0.9216078392160784,0.9216078392160784,False,10000,10000,0,9216,2004408191
Edema,1569714665,ipw,6160,2876,3284,-0.014143815250912156,0.22727727227277272,0.39773522647735227,False,10000,10000,0,2272,2004408191
Emphysema,1569714665,ipw,6160,2876,3284,0.03275113266248256,9.999000099990002e-05,0.0013998600139986002,True,10000,10000,0,0,2004408191
Fibrosis,1569714665,ipw,6160,2876,3284,0.03073855499188549,0.00039996000399960006,0.0027997200279972004,True,10000,10000,0,3,2004408191
Effusion,1569714665,ipw,6160,2876,3284,0.006555214733275916,0.22257774222577742,0.39773522647735227,False,10000,10000,0,2225,2004408191
Pneumonia,1569714665,ipw,6160,2876,3284,-0.003152431635566444,0.8194180581941806,0.8824502165168098,False,10000,10000,0,8194,2004408191
Pleural_Thickening,1569714665,ipw,6160,2876,3284,0.004106243822212252,0.5792420757924207,0.8109389061093889,False,10000,10000,0,5792,2004408191
Cardiomegaly,1569714665,ipw,6160,2876,3284,-0.0014973954774185616,0.8127187281271873,0.8824502165168098,False,10000,10000,0,8127,2004408191
Nodule,1569714665,ipw,6160,2876,3284,-0.003358947166817061,0.47835216478352166,0.7441033674410337,False,10000,10000,0,4783,2004408191
Mass,1569714665,ipw,6160,2876,3284,0.0018049703388465232,0.7572242775722428,0.8824502165168098,False,10000,10000,0,7572,2004408191
Hernia,1569714665,ipw,6160,2876,3284,0.02443414121926496,0.20527947205279473,0.39773522647735227,False,10000,10000,0,2052,2004408191
Atelectasis,2006902500,ipw,6159,2824,3335,0.0036432990562051404,0.48435156484351566,0.6164474461644744,False,10000,10000,0,4843,213385010
Consolidation,2006902500,ipw,6159,2824,3335,0.010863128270090783,0.34996500349965004,0.5847215278472152,False,10000,10000,0,3499,213385010
Infiltration,2006902500,ipw,6159,2824,3335,0.006475691290432795,0.04079592040795921,0.24730860247308603,False,10000,10000,0,407,213385010
Pneumothorax,2006902500,ipw,6159,2824,3335,0.02088568823167608,0.05299470052994701,0.24730860247308603,False,10000,10000,0,529,213385010
Edema,2006902500,ipw,6159,2824,3335,-0.0018273601027740671,0.9507049295070493,0.9507049295070493,False,10000,10000,0,9507,213385010
Emphysema,2006902500,ipw,6159,2824,3335,0.01283991067189609,0.128987101289871,0.3611638836116388,False,10000,10000,0,1289,213385010
Fibrosis,2006902500,ipw,6159,2824,3335,0.03348683288867427,0.00019998000199980003,0.0027997200279972004,True,10000,10000,0,1,213385010
Effusion,2006902500,ipw,6159,2824,3335,0.009577578814842058,0.072992700729927,0.2554744525547445,False,10000,10000,0,729,213385010
Pneumonia,2006902500,ipw,6159,2824,3335,-0.002338310010829736,0.8564143585641436,0.9222923861460008,False,10000,10000,0,8564,213385010
Pleural_Thickening,2006902500,ipw,6159,2824,3335,0.0064944238024760015,0.4176582341765823,0.5847215278472152,False,10000,10000,0,4176,213385010
Cardiomegaly,2006902500,ipw,6159,2824,3335,0.006704159373288582,0.40755924407559246,0.5847215278472152,False,10000,10000,0,4075,213385010
Nodule,2006902500,ipw,6159,2824,3335,0.006224055121671124,0.23877612238776122,0.5571442855714429,False,10000,10000,0,2387,213385010
Mass,2006902500,ipw,6159,2824,3335,0.004900180391691544,0.3702629737026297,0.5847215278472152,False,10000,10000,0,3702,213385010
Hernia,2006902500,ipw,6159,2824,3335,0.007748538420027318,0.8494096457874725,0.9222923861460008,False,10000,9993,7,8488,213385010
Atelectasis,342858866,ipw,6159,2859,3300,0.007256119445829989,0.19978002199780023,0.3107689231076892,False,10000,10000,0,1997,2927621020
Consolidation,342858866,ipw,6159,2859,3300,0.01108164534067363,0.2605739426057394,0.36480351964803515,False,10000,10000,0,2605,2927621020
Infiltration,342858866,ipw,6159,2859,3300,0.007432111192819613,0.0184981501849815,0.06474352564743525,False,10000,10000,0,184,2927621020
Pneumothorax,342858866,ipw,6159,2859,3300,0.01794109695546453,0.12858714128587143,0.25717428257174285,False,10000,10000,0,1285,2927621020
Edema,342858866,ipw,6159,2859,3300,0.009293117000289675,0.5475452454754525,0.6388027863880279,False,10000,10000,0,5475,2927621020
Emphysema,342858866,ipw,6159,2859,3300,0.014073560628580312,0.18688131186881313,0.3107689231076892,False,10000,10000,0,1868,2927621020
Fibrosis,342858866,ipw,6159,2859,3300,0.01959573400372633,0.0136986301369863,0.0639269406392694,False,10000,10000,0,136,2927621020
Effusion,342858866,ipw,6159,2859,3300,0.014471549683641421,0.0059994000599940004,0.0639269406392694,False,10000,10000,0,59,2927621020
Pneumonia,342858866,ipw,6159,2859,3300,-0.0004696825659381565,0.9831016898310169,0.9831016898310169,False,10000,10000,0,9831,2927621020
Pleural_Thickening,342858866,ipw,6159,2859,3300,0.022329066787905638,0.011498850114988501,0.0639269406392694,False,10000,10000,0,114,2927621020
Cardiomegaly,342858866,ipw,6159,2859,3300,0.0004669554861494174,0.9498050194980502,0.9831016898310169,False,10000,10000,0,9498,2927621020
Nodule,342858866,ipw,6159,2859,3300,0.0036300165892090286,0.49665033496650335,0.6321004263210043,False,10000,10000,0,4966,2927621020
Mass,342858866,ipw,6159,2859,3300,0.008224685854152813,0.125987401259874,0.25717428257174285,False,10000,10000,0,1259,2927621020
Hernia,342858866,ipw,6159,2859,3300,0.040029571517732454,0.044795520447955206,0.12542745725427457,False,10000,10000,0,447,2927621020
Atelectasis,1591287646,ipw,6158,2860,3298,0.0109654152404845,0.027697230276972302,0.07755224477552244,False,10000,10000,0,276,1349338185
Consolidation,1591287646,ipw,6158,2860,3298,0.018815233439370582,0.07749225077492251,0.15498450154984503,False,10000,10000,0,774,1349338185
Infiltration,1591287646,ipw,6158,2860,3298,0.010246788589009737,0.0006999300069993001,0.009799020097990201,True,10000,10000,0,6,1349338185
Pneumothorax,1591287646,ipw,6158,2860,3298,0.005226937775648588,0.6614338566143385,0.8038196180381961,False,10000,10000,0,6614,1349338185
Edema,1591287646,ipw,6158,2860,3298,-0.04130359031002173,0.10788921107889211,0.1771600617716006,False,10000,10000,0,1078,1349338185
Emphysema,1591287646,ipw,6158,2860,3298,0.01880529022912876,0.0021997800219978004,0.015398460153984602,True,10000,10000,0,21,1349338185
Fibrosis,1591287646,ipw,6158,2860,3298,0.012042645349140096,0.11388861113888611,0.1771600617716006,False,10000,10000,0,1138,1349338185
Effusion,1591287646,ipw,6158,2860,3298,-0.0014027374605244947,0.8038196180381961,0.8038196180381961,False,10000,10000,0,8038,1349338185
Pneumonia,1591287646,ipw,6158,2860,3298,0.060566113697734014,0.004999500049995001,0.023331000233310004,True,10000,10000,0,49,1349338185
Pleural_Thickening,1591287646,ipw,6158,2860,3298,0.016380878017345113,0.022397760223977603,0.07755224477552244,False,10000,10000,0,223,1349338185
Cardiomegaly,1591287646,ipw,6158,2860,3298,0.00955937063528195,0.14388561143885611,0.20143985601439857,False,10000,10000,0,1438,1349338185
Nodule,1591287646,ipw,6158,2860,3298,0.0012294364227753984,0.7875212478752125,0.8038196180381961,False,10000,10000,0,7875,1349338185
Mass,1591287646,ipw,6158,2860,3298,0.0017715124450516373,0.7416258374162584,0.8038196180381961,False,10000,10000,0,7416,1349338185
Hernia,1591287646,ipw,6158,2860,3298,0.03953011687119834,0.0466953304669533,0.10895577108955772,False,10000,10000,0,466,1349338185
Atelectasis,2763601433,ipw,6160,2867,3293,0.017122660196362993,0.0004999500049995,0.0034996500349965005,True,10000,10000,0,4,1476987306
Consolidation,2763601433,ipw,6160,2867,3293,0.021939997405027833,0.0608939106089391,0.1705029497050295,False,10000,10000,0,608,1476987306
Infiltration,2763601433,ipw,6160,2867,3293,0.012061518191223697,9.999000099990002e-05,0.0013998600139986002,True,10000,10000,0,0,1476987306
Pneumothorax,2763601433,ipw,6160,2867,3293,0.019314541540212504,0.08549145085491451,0.19948005199480054,False,10000,10000,0,854,1476987306
Edema,2763601433,ipw,6160,2867,3293,-0.007871204961793776,0.6937306269373062,0.8829298888292989,False,10000,10000,0,6937,1476987306
Emphysema,2763601433,ipw,6160,2867,3293,0.02851969984654537,0.0010998900109989002,0.005132820051328201,True,10000,10000,0,10,1476987306
Fibrosis,2763601433,ipw,6160,2867,3293,0.0053394654553840515,0.6013398660133986,0.841875812418758,False,10000,10000,0,6013,1476987306
Effusion,2763601433,ipw,6160,2867,3293,0.01442098207706033,0.0093990600939906,0.0328967103289671,True,10000,10000,0,93,1476987306
Pneumonia,2763601433,ipw,6160,2867,3293,0.002521004647733527,0.8902109789021098,0.977425334389638,False,10000,10000,0,8902,1476987306
Pleural_Thickening,2763601433,ipw,6160,2867,3293,0.011153155454136476,0.15858414158584141,0.2775222477752225,False,10000,10000,0,1585,1476987306
Cardiomegaly,2763601433,ipw,6160,2867,3293,0.004717344149284791,0.46625337466253375,0.7252830272528302,False,10000,10000,0,4662,1476987306
Nodule,2763601433,ipw,6160,2867,3293,0.007979880128411998,0.14928507149285072,0.2775222477752225,False,10000,10000,0,1492,1476987306
Mass,2763601433,ipw,6160,2867,3293,0.0006774717190768387,0.9076092390760924,0.977425334389638,False,10000,10000,0,9076,1476987306
Hernia,2763601433,ipw,6160,2867,3293,0.004471597375856395,0.9946909746569168,0.9946909746569167,False,10000,9982,18,9929,1476987306
Atelectasis,1524358342,ipw,6161,2863,3298,0.005704053245200735,0.40755924407559246,0.7132286771322868,False,10000,10000,0,4075,2518524744
Consolidation,1524358342,ipw,6161,2863,3298,0.022755948387653102,0.0795920407959204,0.2785721427857214,False,10000,10000,0,795,2518524744
Infiltration,1524358342,ipw,6161,2863,3298,0.008781573762676409,0.029497050294970503,0.2785721427857214,False,10000,10000,0,294,2518524744
Pneumothorax,1524358342,ipw,6161,2863,3298,0.007528849612362221,0.7362263773622638,0.9818018198180182,False,10000,10000,0,7362,2518524744
Edema,1524358342,ipw,6161,2863,3298,-0.002458965791235279,0.9306069393060694,0.9818018198180182,False,10000,10000,0,9306,2518524744
Emphysema,1524358342,ipw,6161,2863,3298,0.02322417649021527,0.0781921807819218,0.2785721427857214,False,10000,10000,0,781,2518524744
Fibrosis,1524358342,ipw,6161,2863,3298,0.02321400341769897,0.051094890510948905,0.2785721427857214,False,10000,10000,0,510,2518524744
Effusion,1524358342,ipw,6161,2863,3298,0.007483298564706642,0.2803719628037196,0.5607439256074392,False,10000,10000,0,2803,2518524744
Pneumonia,1524358342,ipw,6161,2863,3298,0.005346443921032784,0.6757324267573243,0.9818018198180182,False,10000,10000,0,6757,2518524744
Pleural_Thickening,1524358342,ipw,6161,2863,3298,0.016965892025158136,0.12368763123687632,0.32640069326400695,False,10000,10000,0,1236,2518524744
Cardiomegaly,1524358342,ipw,6161,2863,3298,0.0001955767954252008,0.9818018198180182,0.9818018198180182,False,10000,10000,0,9818,2518524744
Nodule,1524358342,ipw,6161,2863,3298,0.0014550678181637355,0.8201179882011799,0.9818018198180182,False,10000,10000,0,8201,2518524744
Mass,1524358342,ipw,6161,2863,3298,0.009286238326735918,0.13988601139886012,0.32640069326400695,False,10000,10000,0,1398,2518524744
Hernia,1524358342,ipw,6161,2863,3298,0.010137640536908993,0.9147085291470853,0.9818018198180182,False,10000,10000,0,9147,2518524744
Atelectasis,3658676649,matched,6158,2789,3369,0.006949498665685561,0.4216578342165783,0.7217256085916685,False,10000,10000,0,4216,2712852894
Consolidation,3658676649,matched,6158,2789,3369,0.011320274739252123,0.5235476452354765,0.7217256085916685,False,10000,10000,0,5235,2712852894
Infiltration,3658676649,matched,6158,2789,3369,0.007181716088592416,0.17218278172182783,0.7217256085916685,False,10000,10000,0,1721,2712852894
Pneumothorax,3658676649,matched,6158,2789,3369,0.007434402332361589,0.5226477352264773,0.7217256085916685,False,10000,10000,0,5226,2712852894
Edema,3658676649,matched,6158,2789,3369,-0.017185554171855633,0.7588241175882412,0.8171952035565675,False,10000,10000,0,7588,2712852894
Emphysema,3658676649,matched,6158,2789,3369,0.015086206896551713,0.2833716628337166,0.7217256085916685,False,10000,10000,0,2833,2712852894
Fibrosis,3658676649,matched,6158,2789,3369,0.015825178461683964,0.2343765623437656,0.7217256085916685,False,10000,10000,0,2343,2712852894
Effusion,3658676649,matched,6158,2789,3369,0.0077079213755352205,0.44425557444255576,0.7217256085916685,False,10000,10000,0,4442,2712852894
Pneumonia,3658676649,matched,6158,2789,3369,0.016897135600395075,0.5661433856614339,0.7217256085916685,False,10000,10000,0,5661,2712852894
Pleural_Thickening,3658676649,matched,6158,2789,3369,0.0014104372355431272,0.9056094390560944,0.9056094390560944,False,10000,10000,0,9056,2712852894
Cardiomegaly,3658676649,matched,6158,2789,3369,0.01881988817891378,0.0314968503149685,0.440955904409559,False,10000,10000,0,314,2712852894
Nodule,3658676649,matched,6158,2789,3369,-0.003445292924472043,0.6873312668733127,0.8018864780188647,False,10000,10000,0,6873,2712852894
Mass,3658676649,matched,6158,2789,3369,0.007689353089775641,0.40145985401459855,0.7217256085916685,False,10000,10000,0,4014,2712852894
Hernia,3658676649,matched,6158,2789,3369,0.03471582181259597,0.5670701210363109,0.7217256085916685,False,10000,9996,4,5668,2712852894
Atelectasis,768519171,matched,6160,2789,3371,0.004866870410984936,0.6232376762323768,0.7246967610931214,False,10000,10000,0,6232,8068792
Consolidation,768519171,matched,6160,2789,3371,0.022159430345231712,0.20837916208379162,0.48621804486218045,False,10000,10000,0,2083,8068792
Infiltration,768519171,matched,6160,2789,3371,0.007284517695883674,0.17798220177982202,0.48621804486218045,False,10000,10000,0,1779,8068792
Pneumothorax,768519171,matched,6160,2789,3371,0.019891559239177625,0.33226677332266774,0.5168594251685943,False,10000,10000,0,3322,8068792
Edema,768519171,matched,6160,2789,3371,-0.05748931151407938,0.3170682931706829,0.5168594251685943,False,10000,10000,0,3170,8068792
Emphysema,768519171,matched,6160,2789,3371,0.04438881565409242,0.026697330266973303,0.12458754124587541,False,10000,10000,0,266,8068792
Fibrosis,768519171,matched,6160,2789,3371,0.029303922875869748,0.0776922307769223,0.27192280771922805,False,10000,10000,0,776,8068792
Effusion,768519171,matched,6160,2789,3371,0.022248197020643484,0.007399260073992601,0.10358964103589641,False,10000,10000,0,73,8068792
Pneumonia,768519171,matched,6160,2789,3371,0.009487179487179587,0.8042195780421958,0.8042195780421958,False,10000,10000,0,8042,8068792
Pleural_Thickening,768519171,matched,6160,2789,3371,0.008168494084700717,0.5602439756024398,0.715201207152012,False,10000,10000,0,5602,8068792
Cardiomegaly,768519171,matched,6160,2789,3371,0.005397496428025783,0.561943805619438,0.715201207152012,False,10000,10000,0,5619,8068792
Nodule,768519171,matched,6160,2789,3371,-0.010648756902256307,0.2820717928207179,0.5168594251685943,False,10000,10000,0,2820,8068792
Mass,768519171,matched,6160,2789,3371,0.004221159324044155,0.672932706729327,0.7246967610931214,False,10000,10000,0,6729,8068792
Hernia,768519171,matched,6160,2789,3371,0.0719968178202069,0.019317385647082373,0.12458754124587541,False,10000,9990,10,192,8068792
Atelectasis,113462462,matched,6159,2769,3390,0.011593287598665791,0.21637836216378362,0.646268706462687,False,10000,10000,0,2163,100167495
Consolidation,113462462,matched,6159,2769,3390,0.003447673123355699,0.8645135486451355,0.9272072792720728,False,10000,10000,0,8645,100167495
Infiltration,113462462,matched,6159,2769,3390,0.012183539300074098,0.03899610038996101,0.27297270272972707,False,10000,10000,0,389,100167495
Pneumothorax,113462462,matched,6159,2769,3390,0.006735585825757451,0.7227277272272773,0.9272072792720728,False,10000,10000,0,7227,100167495
Edema,113462462,matched,6159,2769,3390,-0.09195402298850575,0.18615584675402622,0.646268706462687,False,10000,9996,4,1860,100167495
Emphysema,113462462,matched,6159,2769,3390,0.006883549631708175,0.7253274672532747,0.9272072792720728,False,10000,10000,0,7253,100167495
Fibrosis,113462462,matched,6159,2769,3390,0.017506428754677672,0.2652734726527347,0.646268706462687,False,10000,10000,0,2652,100167495
Effusion,113462462,matched,6159,2769,3390,-0.0021838167649274043,0.825017498250175,0.9272072792720728,False,10000,10000,0,8250,100167495
Pneumonia,113462462,matched,6159,2769,3390,0.00841780032874706,0.7883211678832117,0.9272072792720728,False,10000,10000,0,7883,100167495
Pleural_Thickening,113462462,matched,6159,2769,3390,0.003657543040043787,0.8117188281171883,0.9272072792720728,False,10000,10000,0,8117,100167495
Cardiomegaly,113462462,matched,6159,2769,3390,0.02189883463680467,0.0105989401059894,0.1483851614838516,False,10000,10000,0,105,100167495
Nodule,113462462,matched,6159,2769,3390,-0.0008586128109425717,0.9272072792720728,0.9272072792720728,False,10000,10000,0,9272,100167495
Mass,113462462,matched,6159,2769,3390,-0.001069883668797289,0.922107789221078,0.9272072792720728,False,10000,10000,0,9221,100167495
Hernia,113462462,matched,6159,2769,3390,0.042866824805150916,0.276972302769723,0.646268706462687,False,10000,10000,0,2769,100167495
Atelectasis,2748406118,matched,6160,2891,3269,0.005251891425116617,0.41925807419258077,0.9303469653034696,False,10000,10000,0,4192,1987749856
Consolidation,2748406118,matched,6160,2891,3269,0.001958508253960045,0.92000799920008,0.9812756583558626,False,10000,10000,0,9200,1987749856
Infiltration,2748406118,matched,6160,2891,3269,0.005410141523688017,0.16798320167983202,0.7839216078392162,False,10000,10000,0,1679,1987749856
Pneumothorax,2748406118,matched,6160,2891,3269,0.009233319063752521,0.5437456254374563,0.9303469653034696,False,10000,10000,0,5437,1987749856
Edema,2748406118,matched,6160,2891,3269,-0.03465633929310491,0.25407459254074594,0.8892610738926108,False,10000,10000,0,2540,1987749856
Emphysema,2748406118,matched,6160,2891,3269,0.007496921182266025,0.6040395960403959,0.9303469653034696,False,10000,10000,0,6040,1987749856
Fibrosis,2748406118,matched,6160,2891,3269,0.019654236725882845,0.056194380561943806,0.7839216078392162,False,10000,10000,0,561,1987749856
Effusion,2748406118,matched,6160,2891,3269,0.004496022719563231,0.5322467753224678,0.9303469653034696,False,10000,10000,0,5322,1987749856
Pneumonia,2748406118,matched,6160,2891,3269,-0.0031728680098587203,0.8499150084991501,0.9812756583558626,False,10000,10000,0,8499,1987749856
Pleural_Thickening,2748406118,matched,6160,2891,3269,0.012776621148789913,0.1446855314468553,0.7839216078392162,False,10000,10000,0,1446,1987749856
Cardiomegaly,2748406118,matched,6160,2891,3269,0.003842904602057773,0.6645335466453355,0.9303469653034696,False,10000,10000,0,6645,1987749856
Nodule,2748406118,matched,6160,2891,3269,0.003500686801726327,0.5514448555144486,0.9303469653034696,False,10000,10000,0,5514,1987749856
Mass,2748406118,matched,6160,2891,3269,0.0002301078371854115,0.9717028297170283,0.9812756583558626,False,10000,10000,0,9717,1987749856
Hernia,2748406118,matched,6160,2891,3269,-0.0011185682326622093,0.9812756583558626,0.9812756583558626,False,10000,9986,14,9799,1987749856
Atelectasis,1569714665,matched,6160,2876,3284,0.016197131916654894,0.05469453054694531,0.19423057694230578,False,10000,10000,0,546,1092204634
Consolidation,1569714665,matched,6160,2876,3284,0.01842768652338589,0.18848115188481152,0.4397893543978935,False,10000,10000,0,1884,1092204634
Infiltration,1569714665,matched,6160,2876,3284,0.0084757453738733,0.05549445055494451,0.19423057694230578,False,10000,10000,0,554,1092204634
Pneumothorax,1569714665,matched,6160,2876,3284,-0.007084288539347394,0.6701329867013298,0.7114288571142886,False,10000,10000,0,6701,1092204634
Edema,1569714665,matched,6160,2876,3284,-0.008976441494558313,0.6721327867213278,0.7114288571142886,False,10000,10000,0,6721,1092204634
Emphysema,1569714665,matched,6160,2876,3284,0.016412198200047606,0.23147685231476853,0.46295370462953706,False,10000,10000,0,2314,1092204634
Fibrosis,1569714665,matched,6160,2876,3284,0.029437588043203844,0.0244975502449755,0.19423057694230578,False,10000,10000,0,244,1092204634
Effusion,1569714665,matched,6160,2876,3284,0.015318431537031052,0.030996900309969003,0.19423057694230578,False,10000,10000,0,309,1092204634
Pneumonia,1569714665,matched,6160,2876,3284,0.015770717900535303,0.5256474352564744,0.7114288571142886,False,10000,10000,0,5256,1092204634
Pleural_Thickening,1569714665,matched,6160,2876,3284,0.008329354063625227,0.47395260473952605,0.7114288571142886,False,10000,10000,0,4739,1092204634
Cardiomegaly,1569714665,matched,6160,2876,3284,0.002928437611557838,0.7114288571142886,0.7114288571142886,False,10000,10000,0,7114,1092204634
Nodule,1569714665,matched,6160,2876,3284,-0.00698276946423082,0.32996700329967005,0.5774422557744225,False,10000,10000,0,3299,1092204634
Mass,1569714665,matched,6160,2876,3284,0.004083961594892271,0.664933506649335,0.7114288571142886,False,10000,10000,0,6649,1092204634
Hernia,1569714665,matched,6160,2876,3284,0.04993141289437586,0.12468753124687532,0.3491250874912509,False,10000,10000,0,1246,1092204634
Atelectasis,2006902500,matched,6159,2824,3335,0.0016903826412276723,0.8494150584941506,1.0,False,10000,10000,0,8494,3001023119
Consolidation,2006902500,matched,6159,2824,3335,0.0018265316772780316,0.9272072792720728,1.0,False,10000,10000,0,9272,3001023119
Infiltration,2006902500,matched,6159,2824,3335,0.007098800195627586,0.16318368163183683,0.6114588541145884,False,10000,10000,0,1631,3001023119
Pneumothorax,2006902500,matched,6159,2824,3335,-0.003916532905296921,0.8382161783821618,1.0,False,10000,10000,0,8382,3001023119
Edema,2006902500,matched,6159,2824,3335,-0.02063599458728005,0.21837816218378162,0.6114588541145884,False,10000,10000,0,2183,3001023119
Emphysema,2006902500,matched,6159,2824,3335,0.0010496796127152236,0.957004299570043,1.0,False,10000,10000,0,9570,3001023119
Fibrosis,2006902500,matched,6159,2824,3335,0.036876116345945176,0.0178982101789821,0.2505749425057494,False,10000,10000,0,178,3001023119
Effusion,2006902500,matched,6159,2824,3335,0.01350157799708085,0.12058794120587941,0.6114588541145884,False,10000,10000,0,1205,3001023119
Pneumonia,2006902500,matched,6159,2824,3335,-0.007280345142288258,0.7775222477752225,1.0,False,10000,10000,0,7775,3001023119
Pleural_Thickening,2006902500,matched,6159,2824,3335,0.016919025136233,0.21697830216978303,0.6114588541145884,False,10000,10000,0,2169,3001023119
Cardiomegaly,2006902500,matched,6159,2824,3335,0.009173147737990966,0.32656734326567344,0.7619904676199046,False,10000,10000,0,3265,3001023119
Nodule,2006902500,matched,6159,2824,3335,0.004487847069542639,0.6203379662033797,1.0,False,10000,10000,0,6203,3001023119
Mass,2006902500,matched,6159,2824,3335,-0.002929150542216985,0.7481251874812519,1.0,False,10000,10000,0,7481,3001023119
Hernia,2006902500,matched,6159,2824,3335,0.0,1.0,1.0,False,10000,9996,4,9996,3001023119
Atelectasis,342858866,matched,6159,2859,3300,0.008888192342492662,0.3214678532146785,0.5625687431256874,False,10000,10000,0,3214,1326075975
Consolidation,342858866,matched,6159,2859,3300,0.0248596070621947,0.14278572142785723,0.3331666833316669,False,10000,10000,0,1427,1326075975
Infiltration,342858866,matched,6159,2859,3300,0.005359911405482309,0.26407359264073593,0.5281471852814719,False,10000,10000,0,2640,1326075975
Pneumothorax,342858866,matched,6159,2859,3300,0.00030547665865554574,0.9855014498550145,0.9855014498550145,False,10000,10000,0,9855,1326075975
Edema,342858866,matched,6159,2859,3300,0.017983074753173456,0.11028897110288971,0.30880911908809117,False,10000,10000,0,1102,1326075975
Emphysema,342858866,matched,6159,2859,3300,0.0019171263435676933,0.928907109289071,0.9855014498550145,False,10000,10000,0,9289,1326075975
Fibrosis,342858866,matched,6159,2859,3300,0.02931193777840274,0.029797020297970205,0.1390527613905276,False,10000,10000,0,297,1326075975
Effusion,342858866,matched,6159,2859,3300,0.023679330529447207,0.0029997000299970002,0.041995800419958006,True,10000,10000,0,29,1326075975
Pneumonia,342858866,matched,6159,2859,3300,-0.013899098653988029,0.49055094490550943,0.6837679868376798,False,10000,10000,0,4905,1326075975
Pleural_Thickening,342858866,matched,6159,2859,3300,0.02616273051949708,0.028697130286971302,0.1390527613905276,False,10000,10000,0,286,1326075975
Cardiomegaly,342858866,matched,6159,2859,3300,-0.009528838026827968,0.38606139386061394,0.6005399460053994,False,10000,10000,0,3860,1326075975
Nodule,342858866,matched,6159,2859,3300,0.0005379269867735736,0.9428057194280572,0.9855014498550145,False,10000,10000,0,9428,1326075975
Mass,342858866,matched,6159,2859,3300,0.005332438466531753,0.5372462753724627,0.6837679868376798,False,10000,10000,0,5372,1326075975
Hernia,342858866,matched,6159,2859,3300,0.06156156156156156,0.05069493050694931,0.1774322567743226,False,10000,10000,0,506,1326075975
Atelectasis,1591287646,matched,6158,2860,3298,0.00978782800159228,0.23587641235876414,0.3319068093190681,False,10000,10000,0,2358,636807137
Consolidation,1591287646,matched,6158,2860,3298,0.030774008667541763,0.07079292070792921,0.27857214278572145,False,10000,10000,0,707,636807137
Infiltration,1591287646,matched,6158,2860,3298,0.011487256625632769,0.023297670232976703,0.1630836916308369,False,10000,10000,0,232,636807137
Pneumothorax,1591287646,matched,6158,2860,3298,0.00887801936413285,0.5425457454254574,0.6329700363297003,False,10000,10000,0,5425,636807137
Edema,1591287646,matched,6158,2860,3298,-0.05747353843110092,0.10768923107689231,0.27857214278572145,False,10000,10000,0,1076,636807137
Emphysema,1591287646,matched,6158,2860,3298,0.018835880809016492,0.1332866713328667,0.27857214278572145,False,10000,10000,0,1332,636807137
Fibrosis,1591287646,matched,6158,2860,3298,0.01742626428522548,0.20727927207279273,0.3319068093190681,False,10000,10000,0,2072,636807137
Effusion,1591287646,matched,6158,2860,3298,-0.002159292831597659,0.803919608039196,0.803919608039196,False,10000,10000,0,8039,636807137
Pneumonia,1591287646,matched,6158,2860,3298,0.04674172637325158,0.13928607139286073,0.27857214278572145,False,10000,10000,0,1392,636807137
Pleural_Thickening,1591287646,matched,6158,2860,3298,0.019982198486871494,0.0841915808419158,0.27857214278572145,False,10000,10000,0,841,636807137
Cardiomegaly,1591287646,matched,6158,2860,3298,0.022630503001341173,0.0051994800519948,0.0727927207279272,False,10000,10000,0,51,636807137
Nodule,1591287646,matched,6158,2860,3298,0.0026653821451509963,0.7094290570942906,0.7640005230246207,False,10000,10000,0,7094,636807137
Mass,1591287646,matched,6158,2860,3298,0.007515376262398676,0.3658634136586341,0.46564434465644344,False,10000,10000,0,3658,636807137
Hernia,1591287646,matched,6158,2860,3298,0.05948275862068958,0.23707629237076291,0.3319068093190681,False,10000,10000,0,2370,636807137
Atelectasis,2763601433,matched,6160,2867,3293,0.01635246412335095,0.055594440555944404,0.3891610838916108,False,10000,10000,0,555,1004948877
Consolidation,2763601433,matched,6160,2867,3293,0.02286426653515261,0.23547645235476453,0.7653234676532347,False,10000,10000,0,2354,1004948877
Infiltration,2763601433,matched,6160,2867,3293,0.013522949604996004,0.010698930106989302,0.14978502149785022,False,10000,10000,0,106,1004948877
Pneumothorax,2763601433,matched,6160,2867,3293,0.019105112030568194,0.27747225277472254,0.7653234676532347,False,10000,10000,0,2774,1004948877
Edema,2763601433,matched,6160,2867,3293,-0.04148851939825815,0.3117688231176882,0.7653234676532347,False,10000,10000,0,3117,1004948877
Emphysema,2763601433,matched,6160,2867,3293,0.017955801104972358,0.33236676332366766,0.7653234676532347,False,10000,10000,0,3323,1004948877
Fibrosis,2763601433,matched,6160,2867,3293,0.005292569289022109,0.7407259274072593,0.8641802486418024,False,10000,10000,0,7407,1004948877
Effusion,2763601433,matched,6160,2867,3293,0.003288757783140861,0.7362263773622638,0.8641802486418024,False,10000,10000,0,7362,1004948877
Pneumonia,2763601433,matched,6160,2867,3293,-0.0020634920634921006,0.9447055294470553,0.9965928449744463,False,10000,10000,0,9447,1004948877
Pleural_Thickening,2763601433,matched,6160,2867,3293,0.010956275654813885,0.38266173382661733,0.7653234676532347,False,10000,10000,0,3826,1004948877
Cardiomegaly,2763601433,matched,6160,2867,3293,-0.006082431594182924,0.6174382561743825,0.8641802486418024,False,10000,10000,0,6174,1004948877
Nodule,2763601433,matched,6160,2867,3293,-0.004986557552917326,0.555944405559444,0.8641802486418024,False,10000,10000,0,5559,1004948877
Mass,2763601433,matched,6160,2867,3293,-0.0036619779772207872,0.6659334066593341,0.8641802486418024,False,10000,10000,0,6659,1004948877
Hernia,2763601433,matched,6160,2867,3293,0.019607843137254943,0.9965928449744463,0.9965928449744463,False,10000,9978,22,9944,1004948877
Atelectasis,1524358342,matched,6161,2863,3298,0.006448795458216805,0.5375462453754625,0.7225431303023544,False,10000,10000,0,5375,3300290604
Consolidation,1524358342,matched,6161,2863,3298,0.024364310066062378,0.23937606239376064,0.44078092190780915,False,10000,10000,0,2393,3300290604
Infiltration,1524358342,matched,6161,2863,3298,0.013056773387457588,0.027997200279972004,0.13065360130653603,False,10000,10000,0,279,3300290604
Pneumothorax,1524358342,matched,6161,2863,3298,-0.010340738757134205,0.670932906709329,0.7225431303023544,False,10000,10000,0,6709,3300290604
Edema,1524358342,matched,6161,2863,3298,-0.028116596999020554,0.48474847484748473,0.7225431303023544,False,10000,9998,2,4846,3300290604
Emphysema,1524358342,matched,6161,2863,3298,0.012439614992401066,0.6307369263073692,0.7225431303023544,False,10000,10000,0,6307,3300290604
Fibrosis,1524358342,matched,6161,2863,3298,0.03414830558657783,0.0245975402459754,0.13065360130653603,False,10000,10000,0,245,3300290604
Effusion,1524358342,matched,6161,2863,3298,0.01158234989070317,0.2518748125187481,0.44078092190780915,False,10000,10000,0,2518,3300290604
Pneumonia,1524358342,matched,6161,2863,3298,-0.007137809076535273,0.5875412458754125,0.7225431303023544,False,10000,10000,0,5875,3300290604
Pleural_Thickening,1524358342,matched,6161,2863,3298,0.01976406114943624,0.1872812718728127,0.44078092190780915,False,10000,10000,0,1872,3300290604
Cardiomegaly,1524358342,matched,6161,2863,3298,0.012278902948333698,0.22797720227977203,0.44078092190780915,False,10000,10000,0,2279,3300290604
Nodule,1524358342,matched,6161,2863,3298,0.0026100953528311877,0.7704229577042295,0.7704229577042295,False,10000,10000,0,7704,3300290604
Mass,1524358342,matched,6161,2863,3298,0.013160510329260244,0.19588041195880412,0.44078092190780915,False,10000,10000,0,1958,3300290604
Hernia,1524358342,matched,6161,2863,3298,0.05854430379746833,0.0066993300669933005,0.0937906209379062,False,10000,10000,0,66,3300290604
