dataset,backbone,condition,split_seed,finding,subgroup,metric,value
NIH,densenet121-res224-all,condition_1_original,3658676649,Atelectasis,sex:female,fnr,0.23737916219119226
NIH,densenet121-res224-all,condition_1_original,3658676649,Atelectasis,sex:male,fnr,0.23695976154992549
NIH,densenet121-res224-all,condition_1_original,3658676649,Atelectasis,sex_gap:female-minus-male,fnr,0.0004194006412667761
NIH,densenet121-res224-all,condition_1_original,3658676649,Consolidation,sex:female,fnr,0.18586387434554974
NIH,densenet121-res224-all,condition_1_original,3658676649,Consolidation,sex:male,fnr,0.20297951582867785
NIH,densenet121-res224-all,condition_1_original,3658676649,Consolidation,sex_gap:female-minus-male,fnr,-0.017115641483128108
NIH,densenet121-res224-all,condition_1_original,3658676649,Infiltration,sex:female,fnr,0.46075494307968845
NIH,densenet121-res224-all,condition_1_original,3658676649,Infiltration,sex:male,fnr,0.4138211382113821
NIH,densenet121-res224-all,condition_1_original,3658676649,Infiltration,sex_gap:female-minus-male,fnr,0.04693380486830634
NIH,densenet121-res224-all,condition_1_original,3658676649,Pneumothorax,sex:female,fnr,0.26157407407407407
NIH,densenet121-res224-all,condition_1_original,3658676649,Pneumothorax,sex:male,fnr,0.15458015267175573
NIH,densenet121-res224-all,condition_1_original,3658676649,Pneumothorax,sex_gap:female-minus-male,fnr,0.10699392140231834
NIH,densenet121-res224-all,condition_1_original,3658676649,Edema,sex:female,fnr,0.14859437751004015
NIH,densenet121-res224-all,condition_1_original,3658676649,Edema,sex:male,fnr,0.18723404255319148
NIH,densenet121-res224-all,condition_1_original,3658676649,Edema,sex_gap:female-minus-male,fnr,-0.03863966504315133
NIH,densenet121-res224-all,condition_1_original,3658676649,Emphysema,sex:female,fnr,0.2345679012345679
NIH,densenet121-res224-all,condition_1_original,3658676649,Emphysema,sex:male,fnr,0.2197452229299363
NIH,densenet121-res224-all,condition_1_original,3658676649,Emphysema,sex_gap:female-minus-male,fnr,0.014822678304631576
NIH,densenet121-res224-all,condition_1_original,3658676649,Fibrosis,sex:female,fnr,0.3475609756097561
NIH,densenet121-res224-all,condition_1_original,3658676649,Fibrosis,sex:male,fnr,0.28415300546448086
NIH,densenet121-res224-all,condition_1_original,3658676649,Fibrosis,sex_gap:female-minus-male,fnr,0.06340797014527522
NIH,densenet121-res224-all,condition_1_original,3658676649,Effusion,sex:female,fnr,0.15431560592850915
NIH,densenet121-res224-all,condition_1_original,3658676649,Effusion,sex:male,fnr,0.18181818181818182
NIH,densenet121-res224-all,condition_1_original,3658676649,Effusion,sex_gap:female-minus-male,fnr,-0.02750257588967267
NIH,densenet121-res224-all,condition_1_original,3658676649,Pneumonia,sex:female,fnr,0.4636363636363636
NIH,densenet121-res224-all,condition_1_original,3658676649,Pneumonia,sex:male,fnr,0.3045977011494253
NIH,densenet121-res224-all,condition_1_original,3658676649,Pneumonia,sex_gap:female-minus-male,fnr,0.15903866248693832
NIH,densenet121-res224-all,condition_1_original,3658676649,Pleural_Thickening,sex:female,fnr,0.3633217993079585
NIH,densenet121-res224-all,condition_1_original,3658676649,Pleural_Thickening,sex:male,fnr,0.4020356234096692
NIH,densenet121-res224-all,condition_1_original,3658676649,Pleural_Thickening,sex_gap:female-minus-male,fnr,-0.0387138241017107
NIH,densenet121-res224-all,condition_1_original,3658676649,Cardiomegaly,sex:female,fnr,0.2830188679245283
NIH,densenet121-res224-all,condition_1_original,3658676649,Cardiomegaly,sex:male,fnr,0.21180555555555555
NIH,densenet121-res224-all,condition_1_original,3658676649,Cardiomegaly,sex_gap:female-minus-male,fnr,0.07121331236897274
NIH,densenet121-res224-all,condition_1_original,3658676649,Nodule,sex:female,fnr,0.6174496644295302
NIH,densenet121-res224-all,condition_1_original,3658676649,Nodule,sex:male,fnr,0.37467018469656993
NIH,densenet121-res224-all,condition_1_original,3658676649,Nodule,sex_gap:female-minus-male,fnr,0.24277947973296027
NIH,densenet121-res224-all,condition_1_original,3658676649,Mass,sex:female,fnr,0.36023054755043227
NIH,densenet121-res224-all,condition_1_original,3658676649,Mass,sex:male,fnr,0.20291616038882138
NIH,densenet121-res224-all,condition_1_original,3658676649,Mass,sex_gap:female-minus-male,fnr,0.1573143871616109
NIH,densenet121-res224-all,condition_1_original,3658676649,Hernia,sex:female,fnr,0.2
NIH,densenet121-res224-all,condition_1_original,3658676649,Hernia,sex:male,fnr,0.15789473684210525
NIH,densenet121-res224-all,condition_1_original,3658676649,Hernia,sex_gap:female-minus-male,fnr,0.04210526315789476
NIH,densenet121-res224-all,condition_1_original,3658676649,NIH_14_pooled,sex:female,fnr,0.3199940047961631
NIH,densenet121-res224-all,condition_1_original,3658676649,NIH_14_pooled,sex:male,fnr,0.28066355624676
NIH,densenet121-res224-all,condition_1_original,3658676649,NIH_14_pooled,sex_gap:female-minus-male,fnr,0.039330448549403096
NIH,densenet121-res224-all,condition_1_original,768519171,Atelectasis,sex:female,fnr,0.20903954802259886
NIH,densenet121-res224-all,condition_1_original,768519171,Atelectasis,sex:male,fnr,0.2250562640660165
NIH,densenet121-res224-all,condition_1_original,768519171,Atelectasis,sex_gap:female-minus-male,fnr,-0.016016716043417645
NIH,densenet121-res224-all,condition_1_original,768519171,Consolidation,sex:female,fnr,0.18769230769230769
NIH,densenet121-res224-all,condition_1_original,768519171,Consolidation,sex:male,fnr,0.18376722817764166
NIH,densenet121-res224-all,condition_1_original,768519171,Consolidation,sex_gap:female-minus-male,fnr,0.00392507951466603
NIH,densenet121-res224-all,condition_1_original,768519171,Infiltration,sex:female,fnr,0.4862508383635144
NIH,densenet121-res224-all,condition_1_original,768519171,Infiltration,sex:male,fnr,0.47764402407566636
NIH,densenet121-res224-all,condition_1_original,768519171,Infiltration,sex_gap:female-minus-male,fnr,0.008606814287848041
NIH,densenet121-res224-all,condition_1_original,768519171,Pneumothorax,sex:female,fnr,0.21263157894736842
NIH,densenet121-res224-all,condition_1_original,768519171,Pneumothorax,sex:male,fnr,0.16312056737588654
NIH,densenet121-res224-all,condition_1_original,768519171,Pneumothorax,sex_gap:female-minus-male,fnr,0.04951101157148188
NIH,densenet121-res224-all,condition_1_original,768519171,Edema,sex:female,fnr,0.19545454545454546
NIH,densenet121-res224-all,condition_1_original,768519171,Edema,sex:male,fnr,0.20948616600790515
NIH,densenet121-res224-all,condition_1_original,768519171,Edema,sex_gap:female-minus-male,fnr,-0.014031620553359686
NIH,densenet121-res224-all,condition_1_original,768519171,Emphysema,sex:female,fnr,0.24
NIH,densenet121-res224-all,condition_1_original,768519171,Emphysema,sex:male,fnr,0.15605095541401273
NIH,densenet121-res224-all,condition_1_original,768519171,Emphysema,sex_gap:female-minus-male,fnr,0.08394904458598726
NIH,densenet121-res224-all,condition_1_original,768519171,Fibrosis,sex:female,fnr,0.39285714285714285
NIH,densenet121-res224-all,condition_1_original,768519171,Fibrosis,sex:male,fnr,0.46496815286624205
NIH,densenet121-res224-all,condition_1_original,768519171,Fibrosis,sex_gap:female-minus-male,fnr,-0.0721110100090992
NIH,densenet121-res224-all,condition_1_original,768519171,Effusion,sex:female,fnr,0.16621004566210046
NIH,densenet121-res224-all,condition_1_original,768519171,Effusion,sex:male,fnr,0.17914267434420986
NIH,densenet121-res224-all,condition_1_original,768519171,Effusion,sex_gap:female-minus-male,fnr,-0.012932628682109398
NIH,densenet121-res224-all,condition_1_original,768519171,Pneumonia,sex:female,fnr,0.32673267326732675
NIH,densenet121-res224-all,condition_1_original,768519171,Pneumonia,sex:male,fnr,0.3333333333333333
NIH,densenet121-res224-all,condition_1_original,768519171,Pneumonia,sex_gap:female-minus-male,fnr,-0.0066006600660065695
NIH,densenet121-res224-all,condition_1_original,768519171,Pleural_Thickening,sex:female,fnr,0.33962264150943394
NIH,densenet121-res224-all,condition_1_original,768519171,Pleural_Thickening,sex:male,fnr,0.3422982885085575
NIH,densenet121-res224-all,condition_1_original,768519171,Pleural_Thickening,sex_gap:female-minus-male,fnr,-0.0026756469991235377
NIH,densenet121-res224-all,condition_1_original,768519171,Cardiomegaly,sex:female,fnr,0.22962962962962963
NIH,densenet121-res224-all,condition_1_original,768519171,Cardiomegaly,sex:male,fnr,0.22924901185770752
NIH,densenet121-res224-all,condition_1_original,768519171,Cardiomegaly,sex_gap:female-minus-male,fnr,0.0003806177719221093
NIH,densenet121-res224-all,condition_1_original,768519171,Nodule,sex:female,fnr,0.5677290836653387
NIH,densenet121-res224-all,condition_1_original,768519171,Nodule,sex:male,fnr,0.40846994535519127
NIH,densenet121-res224-all,condition_1_original,768519171,Nodule,sex_gap:female-minus-male,fnr,0.15925913831014743
NIH,densenet121-res224-all,condition_1_original,768519171,Mass,sex:female,fnr,0.3691588785046729
NIH,densenet121-res224-all,condition_1_original,768519171,Mass,sex:male,fnr,0.2463768115942029
NIH,densenet121-res224-all,condition_1_original,768519171,Mass,sex_gap:female-minus-male,fnr,0.12278206691046997
NIH,densenet121-res224-all,condition_1_original,768519171,Hernia,sex:female,fnr,0.1724137931034483
NIH,densenet121-res224-all,condition_1_original,768519171,Hernia,sex:male,fnr,0.23529411764705882
NIH,densenet121-res224-all,condition_1_original,768519171,Hernia,sex_gap:female-minus-male,fnr,-0.06288032454361053
NIH,densenet121-res224-all,condition_1_original,768519171,NIH_14_pooled,sex:female,fnr,0.31666927042649584
NIH,densenet121-res224-all,condition_1_original,768519171,NIH_14_pooled,sex:male,fnr,0.2970328282828283
NIH,densenet121-res224-all,condition_1_original,768519171,NIH_14_pooled,sex_gap:female-minus-male,fnr,0.019636442143667554
NIH,densenet121-res224-all,condition_1_original,113462462,Atelectasis,sex:female,fnr,0.20696937697993664
NIH,densenet121-res224-all,condition_1_original,113462462,Atelectasis,sex:male,fnr,0.22893165228931653
NIH,densenet121-res224-all,condition_1_original,113462462,Atelectasis,sex_gap:female-minus-male,fnr,-0.021962275309379886
NIH,densenet121-res224-all,condition_1_original,113462462,Consolidation,sex:female,fnr,0.21478060046189376
NIH,densenet121-res224-all,condition_1_original,113462462,Consolidation,sex:male,fnr,0.22592592592592592
NIH,densenet121-res224-all,condition_1_original,113462462,Consolidation,sex_gap:female-minus-male,fnr,-0.011145325464032158
NIH,densenet121-res224-all,condition_1_original,113462462,Infiltration,sex:female,fnr,0.42950236966824645
NIH,densenet121-res224-all,condition_1_original,113462462,Infiltration,sex:male,fnr,0.39387402933563415
NIH,densenet121-res224-all,condition_1_original,113462462,Infiltration,sex_gap:female-minus-male,fnr,0.03562834033261231
NIH,densenet121-res224-all,condition_1_original,113462462,Pneumothorax,sex:female,fnr,0.20566037735849058
NIH,densenet121-res224-all,condition_1_original,113462462,Pneumothorax,sex:male,fnr,0.13166666666666665
NIH,densenet121-res224-all,condition_1_original,113462462,Pneumothorax,sex_gap:female-minus-male,fnr,0.07399371069182392
NIH,densenet121-res224-all,condition_1_original,113462462,Edema,sex:female,fnr,0.12365591397849462
NIH,densenet121-res224-all,condition_1_original,113462462,Edema,sex:male,fnr,0.14112903225806453
NIH,densenet121-res224-all,condition_1_original,113462462,Edema,sex_gap:female-minus-male,fnr,-0.017473118279569905
NIH,densenet121-res224-all,condition_1_original,113462462,Emphysema,sex:female,fnr,0.1437908496732026
NIH,densenet121-res224-all,condition_1_original,113462462,Emphysema,sex:male,fnr,0.17955801104972377
NIH,densenet121-res224-all,condition_1_original,113462462,Emphysema,sex_gap:female-minus-male,fnr,-0.03576716137652117
NIH,densenet121-res224-all,condition_1_original,113462462,Fibrosis,sex:female,fnr,0.3055555555555556
NIH,densenet121-res224-all,condition_1_original,113462462,Fibrosis,sex:male,fnr,0.29245283018867924
NIH,densenet121-res224-all,condition_1_original,113462462,Fibrosis,sex_gap:female-minus-male,fnr,0.013102725366876344
NIH,densenet121-res224-all,condition_1_original,113462462,Effusion,sex:female,fnr,0.16747572815533981
NIH,densenet121-res224-all,condition_1_original,113462462,Effusion,sex:male,fnr,0.19101876675603216
NIH,densenet121-res224-all,condition_1_original,113462462,Effusion,sex_gap:female-minus-male,fnr,-0.023543038600692345
NIH,densenet121-res224-all,condition_1_original,113462462,Pneumonia,sex:female,fnr,0.3333333333333333
NIH,densenet121-res224-all,condition_1_original,113462462,Pneumonia,sex:male,fnr,0.3006134969325153
NIH,densenet121-res224-all,condition_1_original,113462462,Pneumonia,sex_gap:female-minus-male,fnr,0.03271983640081799
NIH,densenet121-res224-all,condition_1_original,113462462,Pleural_Thickening,sex:female,fnr,0.3576158940397351
NIH,densenet121-res224-all,condition_1_original,113462462,Pleural_Thickening,sex:male,fnr,0.3112244897959184
NIH,densenet121-res224-all,condition_1_original,113462462,Pleural_Thickening,sex_gap:female-minus-male,fnr,0.046391404243816714
NIH,densenet121-res224-all,condition_1_original,113462462,Cardiomegaly,sex:female,fnr,0.20577617328519857
NIH,densenet121-res224-all,condition_1_original,113462462,Cardiomegaly,sex:male,fnr,0.27906976744186046
NIH,densenet121-res224-all,condition_1_original,113462462,Cardiomegaly,sex_gap:female-minus-male,fnr,-0.0732935941566619
NIH,densenet121-res224-all,condition_1_original,113462462,Nodule,sex:female,fnr,0.5066666666666667
NIH,densenet121-res224-all,condition_1_original,113462462,Nodule,sex:male,fnr,0.38223938223938225
NIH,densenet121-res224-all,condition_1_original,113462462,Nodule,sex_gap:female-minus-male,fnr,0.12442728442728446
NIH,densenet121-res224-all,condition_1_original,113462462,Mass,sex:female,fnr,0.3409090909090909
NIH,densenet121-res224-all,condition_1_original,113462462,Mass,sex:male,fnr,0.25188536953242835
NIH,densenet121-res224-all,condition_1_original,113462462,Mass,sex_gap:female-minus-male,fnr,0.08902372137666253
NIH,densenet121-res224-all,condition_1_original,113462462,Hernia,sex:female,fnr,0.2
NIH,densenet121-res224-all,condition_1_original,113462462,Hernia,sex:male,fnr,0.47619047619047616
NIH,densenet121-res224-all,condition_1_original,113462462,Hernia,sex_gap:female-minus-male,fnr,-0.27619047619047615
NIH,densenet121-res224-all,condition_1_original,113462462,NIH_14_pooled,sex:female,fnr,0.2917737789203085
NIH,densenet121-res224-all,condition_1_original,113462462,NIH_14_pooled,sex:male,fnr,0.27455310199789695
NIH,densenet121-res224-all,condition_1_original,113462462,NIH_14_pooled,sex_gap:female-minus-male,fnr,0.017220676922411526
NIH,densenet121-res224-all,condition_1_original,2748406118,Atelectasis,sex:female,fnr,0.22994011976047904
NIH,densenet121-res224-all,condition_1_original,2748406118,Atelectasis,sex:male,fnr,0.22048997772828507
NIH,densenet121-res224-all,condition_1_original,2748406118,Atelectasis,sex_gap:female-minus-male,fnr,0.009450142032193964
NIH,densenet121-res224-all,condition_1_original,2748406118,Consolidation,sex:female,fnr,0.15853658536585366
NIH,densenet121-res224-all,condition_1_original,2748406118,Consolidation,sex:male,fnr,0.16666666666666666
NIH,densenet121-res224-all,condition_1_original,2748406118,Consolidation,sex_gap:female-minus-male,fnr,-0.008130081300812997
NIH,densenet121-res224-all,condition_1_original,2748406118,Infiltration,sex:female,fnr,0.46001202645820805
NIH,densenet121-res224-all,condition_1_original,2748406118,Infiltration,sex:male,fnr,0.43343653250773995
NIH,densenet121-res224-all,condition_1_original,2748406118,Infiltration,sex_gap:female-minus-male,fnr,0.0265754939504681
NIH,densenet121-res224-all,condition_1_original,2748406118,Pneumothorax,sex:female,fnr,0.19659735349716445
NIH,densenet121-res224-all,condition_1_original,2748406118,Pneumothorax,sex:male,fnr,0.14202334630350194
NIH,densenet121-res224-all,condition_1_original,2748406118,Pneumothorax,sex_gap:female-minus-male,fnr,0.05457400719366251
NIH,densenet121-res224-all,condition_1_original,2748406118,Edema,sex:female,fnr,0.2171945701357466
NIH,densenet121-res224-all,condition_1_original,2748406118,Edema,sex:male,fnr,0.1991869918699187
NIH,densenet121-res224-all,condition_1_original,2748406118,Edema,sex_gap:female-minus-male,fnr,0.01800757826582791
NIH,densenet121-res224-all,condition_1_original,2748406118,Emphysema,sex:female,fnr,0.27751196172248804
NIH,densenet121-res224-all,condition_1_original,2748406118,Emphysema,sex:male,fnr,0.19943019943019943
NIH,densenet121-res224-all,condition_1_original,2748406118,Emphysema,sex_gap:female-minus-male,fnr,0.07808176229228861
NIH,densenet121-res224-all,condition_1_original,2748406118,Fibrosis,sex:female,fnr,0.3870967741935484
NIH,densenet121-res224-all,condition_1_original,2748406118,Fibrosis,sex:male,fnr,0.26881720430107525
NIH,densenet121-res224-all,condition_1_original,2748406118,Fibrosis,sex_gap:female-minus-male,fnr,0.11827956989247312
NIH,densenet121-res224-all,condition_1_original,2748406118,Effusion,sex:female,fnr,0.20363288718929254
NIH,densenet121-res224-all,condition_1_original,2748406118,Effusion,sex:male,fnr,0.21010830324909746
NIH,densenet121-res224-all,condition_1_original,2748406118,Effusion,sex_gap:female-minus-male,fnr,-0.006475416059804923
NIH,densenet121-res224-all,condition_1_original,2748406118,Pneumonia,sex:female,fnr,0.37209302325581395
NIH,densenet121-res224-all,condition_1_original,2748406118,Pneumonia,sex:male,fnr,0.2857142857142857
NIH,densenet121-res224-all,condition_1_original,2748406118,Pneumonia,sex_gap:female-minus-male,fnr,0.08637873754152825
NIH,densenet121-res224-all,condition_1_original,2748406118,Pleural_Thickening,sex:female,fnr,0.30685920577617326
NIH,densenet121-res224-all,condition_1_original,2748406118,Pleural_Thickening,sex:male,fnr,0.28087167070217917
NIH,densenet121-res224-all,condition_1_original,2748406118,Pleural_Thickening,sex_gap:female-minus-male,fnr,0.025987535073994095
NIH,densenet121-res224-all,condition_1_original,2748406118,Cardiomegaly,sex:female,fnr,0.2736842105263158
NIH,densenet121-res224-all,condition_1_original,2748406118,Cardiomegaly,sex:male,fnr,0.17804154302670624
NIH,densenet121-res224-all,condition_1_original,2748406118,Cardiomegaly,sex_gap:female-minus-male,fnr,0.09564266749960956
NIH,densenet121-res224-all,condition_1_original,2748406118,Nodule,sex:female,fnr,0.6136363636363636
NIH,densenet121-res224-all,condition_1_original,2748406118,Nodule,sex:male,fnr,0.4378698224852071
NIH,densenet121-res224-all,condition_1_original,2748406118,Nodule,sex_gap:female-minus-male,fnr,0.17576654115115653
NIH,densenet121-res224-all,condition_1_original,2748406118,Mass,sex:female,fnr,0.3547619047619048
NIH,densenet121-res224-all,condition_1_original,2748406118,Mass,sex:male,fnr,0.2777777777777778
NIH,densenet121-res224-all,condition_1_original,2748406118,Mass,sex_gap:female-minus-male,fnr,0.07698412698412699
NIH,densenet121-res224-all,condition_1_original,2748406118,Hernia,sex:female,fnr,0.2
NIH,densenet121-res224-all,condition_1_original,2748406118,Hernia,sex:male,fnr,0.41379310344827586
NIH,densenet121-res224-all,condition_1_original,2748406118,Hernia,sex_gap:female-minus-male,fnr,-0.21379310344827585
NIH,densenet121-res224-all,condition_1_original,2748406118,NIH_14_pooled,sex:female,fnr,0.3261872859907697
NIH,densenet121-res224-all,condition_1_original,2748406118,NIH_14_pooled,sex:male,fnr,0.28754134509371554
NIH,densenet121-res224-all,condition_1_original,2748406118,NIH_14_pooled,sex_gap:female-minus-male,fnr,0.03864594089705414
NIH,densenet121-res224-all,condition_1_original,1569714665,Atelectasis,sex:female,fnr,0.23692992213570635
NIH,densenet121-res224-all,condition_1_original,1569714665,Atelectasis,sex:male,fnr,0.218304576144036
NIH,densenet121-res224-all,condition_1_original,1569714665,Atelectasis,sex_gap:female-minus-male,fnr,0.018625345991670345
NIH,densenet121-res224-all,condition_1_original,1569714665,Consolidation,sex:female,fnr,0.21465968586387435
NIH,densenet121-res224-all,condition_1_original,1569714665,Consolidation,sex:male,fnr,0.2260536398467433
NIH,densenet121-res224-all,condition_1_original,1569714665,Consolidation,sex_gap:female-minus-male,fnr,-0.011393953982868937
NIH,densenet121-res224-all,condition_1_original,1569714665,Infiltration,sex:female,fnr,0.5233415233415234
NIH,densenet121-res224-all,condition_1_original,1569714665,Infiltration,sex:male,fnr,0.47289293849658315
NIH,densenet121-res224-all,condition_1_original,1569714665,Infiltration,sex_gap:female-minus-male,fnr,0.05044858484494025
NIH,densenet121-res224-all,condition_1_original,1569714665,Pneumothorax,sex:female,fnr,0.22612085769980506
NIH,densenet121-res224-all,condition_1_original,1569714665,Pneumothorax,sex:male,fnr,0.12280701754385964
NIH,densenet121-res224-all,condition_1_original,1569714665,Pneumothorax,sex_gap:female-minus-male,fnr,0.10331384015594541
NIH,densenet121-res224-all,condition_1_original,1569714665,Edema,sex:female,fnr,0.12334801762114538
NIH,densenet121-res224-all,condition_1_original,1569714665,Edema,sex:male,fnr,0.14096916299559473
NIH,densenet121-res224-all,condition_1_original,1569714665,Edema,sex_gap:female-minus-male,fnr,-0.01762114537444935
NIH,densenet121-res224-all,condition_1_original,1569714665,Emphysema,sex:female,fnr,0.2336448598130841
NIH,densenet121-res224-all,condition_1_original,1569714665,Emphysema,sex:male,fnr,0.1437908496732026
NIH,densenet121-res224-all,condition_1_original,1569714665,Emphysema,sex_gap:female-minus-male,fnr,0.08985401013988151
NIH,densenet121-res224-all,condition_1_original,1569714665,Fibrosis,sex:female,fnr,0.26573426573426573
NIH,densenet121-res224-all,condition_1_original,1569714665,Fibrosis,sex:male,fnr,0.2727272727272727
NIH,densenet121-res224-all,condition_1_original,1569714665,Fibrosis,sex_gap:female-minus-male,fnr,-0.006993006993006978
NIH,densenet121-res224-all,condition_1_original,1569714665,Effusion,sex:female,fnr,0.18330605564648117
NIH,densenet121-res224-all,condition_1_original,1569714665,Effusion,sex:male,fnr,0.1837431693989071
NIH,densenet121-res224-all,condition_1_original,1569714665,Effusion,sex_gap:female-minus-male,fnr,-0.00043711375242594386
NIH,densenet121-res224-all,condition_1_original,1569714665,Pneumonia,sex:female,fnr,0.4594594594594595
NIH,densenet121-res224-all,condition_1_original,1569714665,Pneumonia,sex:male,fnr,0.3493975903614458
NIH,densenet121-res224-all,condition_1_original,1569714665,Pneumonia,sex_gap:female-minus-male,fnr,0.11006186909801369
NIH,densenet121-res224-all,condition_1_original,1569714665,Pleural_Thickening,sex:female,fnr,0.2908366533864542
NIH,densenet121-res224-all,condition_1_original,1569714665,Pleural_Thickening,sex:male,fnr,0.3875968992248062
NIH,densenet121-res224-all,condition_1_original,1569714665,Pleural_Thickening,sex_gap:female-minus-male,fnr,-0.09676024583835202
NIH,densenet121-res224-all,condition_1_original,1569714665,Cardiomegaly,sex:female,fnr,0.22424242424242424
NIH,densenet121-res224-all,condition_1_original,1569714665,Cardiomegaly,sex:male,fnr,0.21367521367521367
NIH,densenet121-res224-all,condition_1_original,1569714665,Cardiomegaly,sex_gap:female-minus-male,fnr,0.010567210567210578
NIH,densenet121-res224-all,condition_1_original,1569714665,Nodule,sex:female,fnr,0.5205724508050089
NIH,densenet121-res224-all,condition_1_original,1569714665,Nodule,sex:male,fnr,0.42544459644322846
NIH,densenet121-res224-all,condition_1_original,1569714665,Nodule,sex_gap:female-minus-male,fnr,0.09512785436178045
NIH,densenet121-res224-all,condition_1_original,1569714665,Mass,sex:female,fnr,0.3137254901960784
NIH,densenet121-res224-all,condition_1_original,1569714665,Mass,sex:male,fnr,0.2522255192878338
NIH,densenet121-res224-all,condition_1_original,1569714665,Mass,sex_gap:female-minus-male,fnr,0.061499970908244606
NIH,densenet121-res224-all,condition_1_original,1569714665,Hernia,sex:female,fnr,0.14814814814814814
NIH,densenet121-res224-all,condition_1_original,1569714665,Hernia,sex:male,fnr,0.3
NIH,densenet121-res224-all,condition_1_original,1569714665,Hernia,sex_gap:female-minus-male,fnr,-0.15185185185185185
NIH,densenet121-res224-all,condition_1_original,1569714665,NIH_14_pooled,sex:female,fnr,0.32160804020100503
NIH,densenet121-res224-all,condition_1_original,1569714665,NIH_14_pooled,sex:male,fnr,0.2958751393534002
NIH,densenet121-res224-all,condition_1_original,1569714665,NIH_14_pooled,sex_gap:female-minus-male,fnr,0.025732900847604823
NIH,densenet121-res224-all,condition_1_original,2006902500,Atelectasis,sex:female,fnr,0.23578947368421052
NIH,densenet121-res224-all,condition_1_original,2006902500,Atelectasis,sex:male,fnr,0.239067055393586
NIH,densenet121-res224-all,condition_1_original,2006902500,Atelectasis,sex_gap:female-minus-male,fnr,-0.0032775817093754767
NIH,densenet121-res224-all,condition_1_original,2006902500,Consolidation,sex:female,fnr,0.22194513715710723
NIH,densenet121-res224-all,condition_1_original,2006902500,Consolidation,sex:male,fnr,0.22941176470588234
NIH,densenet121-res224-all,condition_1_original,2006902500,Consolidation,sex_gap:female-minus-male,fnr,-0.007466627548775112
NIH,densenet121-res224-all,condition_1_original,2006902500,Infiltration,sex:female,fnr,0.5079365079365079
NIH,densenet121-res224-all,condition_1_original,2006902500,Infiltration,sex:male,fnr,0.5030878859857483
NIH,densenet121-res224-all,condition_1_original,2006902500,Infiltration,sex_gap:female-minus-male,fnr,0.004848621950759635
NIH,densenet121-res224-all,condition_1_original,2006902500,Pneumothorax,sex:female,fnr,0.17227722772277226
NIH,densenet121-res224-all,condition_1_original,2006902500,Pneumothorax,sex:male,fnr,0.1430745814307458
NIH,densenet121-res224-all,condition_1_original,2006902500,Pneumothorax,sex_gap:female-minus-male,fnr,0.029202646292026457
NIH,densenet121-res224-all,condition_1_original,2006902500,Edema,sex:female,fnr,0.12393162393162394
NIH,densenet121-res224-all,condition_1_original,2006902500,Edema,sex:male,fnr,0.1774193548387097
NIH,densenet121-res224-all,condition_1_original,2006902500,Edema,sex_gap:female-minus-male,fnr,-0.05348773090708575
NIH,densenet121-res224-all,condition_1_original,2006902500,Emphysema,sex:female,fnr,0.2608695652173913
NIH,densenet121-res224-all,condition_1_original,2006902500,Emphysema,sex:male,fnr,0.20477815699658702
NIH,densenet121-res224-all,condition_1_original,2006902500,Emphysema,sex_gap:female-minus-male,fnr,0.05609140822080427
NIH,densenet121-res224-all,condition_1_original,2006902500,Fibrosis,sex:female,fnr,0.3076923076923077
NIH,densenet121-res224-all,condition_1_original,2006902500,Fibrosis,sex:male,fnr,0.3987341772151899
NIH,densenet121-res224-all,condition_1_original,2006902500,Fibrosis,sex_gap:female-minus-male,fnr,-0.09104186952288218
NIH,densenet121-res224-all,condition_1_original,2006902500,Effusion,sex:female,fnr,0.19654231119199272
NIH,densenet121-res224-all,condition_1_original,2006902500,Effusion,sex:male,fnr,0.19669876203576342
NIH,densenet121-res224-all,condition_1_original,2006902500,Effusion,sex_gap:female-minus-male,fnr,-0.00015645084377069463
NIH,densenet121-res224-all,condition_1_original,2006902500,Pneumonia,sex:female,fnr,0.3391304347826087
NIH,densenet121-res224-all,condition_1_original,2006902500,Pneumonia,sex:male,fnr,0.4161490683229814
NIH,densenet121-res224-all,condition_1_original,2006902500,Pneumonia,sex_gap:female-minus-male,fnr,-0.0770186335403727
NIH,densenet121-res224-all,condition_1_original,2006902500,Pleural_Thickening,sex:female,fnr,0.35019455252918286
NIH,densenet121-res224-all,condition_1_original,2006902500,Pleural_Thickening,sex:male,fnr,0.38345864661654133
NIH,densenet121-res224-all,condition_1_original,2006902500,Pleural_Thickening,sex_gap:female-minus-male,fnr,-0.033264094087358476
NIH,densenet121-res224-all,condition_1_original,2006902500,Cardiomegaly,sex:female,fnr,0.18497109826589594
NIH,densenet121-res224-all,condition_1_original,2006902500,Cardiomegaly,sex:male,fnr,0.21694915254237288
NIH,densenet121-res224-all,condition_1_original,2006902500,Cardiomegaly,sex_gap:female-minus-male,fnr,-0.03197805427647693
NIH,densenet121-res224-all,condition_1_original,2006902500,Nodule,sex:female,fnr,0.5119047619047619
NIH,densenet121-res224-all,condition_1_original,2006902500,Nodule,sex:male,fnr,0.4864864864864865
NIH,densenet121-res224-all,condition_1_original,2006902500,Nodule,sex_gap:female-minus-male,fnr,0.02541827541827535
NIH,densenet121-res224-all,condition_1_original,2006902500,Mass,sex:female,fnr,0.30904522613065327
NIH,densenet121-res224-all,condition_1_original,2006902500,Mass,sex:male,fnr,0.2608695652173913
NIH,densenet121-res224-all,condition_1_original,2006902500,Mass,sex_gap:female-minus-male,fnr,0.048175660913261975
NIH,densenet121-res224-all,condition_1_original,2006902500,Hernia,sex:female,fnr,0.17391304347826086
NIH,densenet121-res224-all,condition_1_original,2006902500,Hernia,sex:male,fnr,0.3
NIH,densenet121-res224-all,condition_1_original,2006902500,Hernia,sex_gap:female-minus-male,fnr,-0.12608695652173912
NIH,densenet121-res224-all,condition_1_original,2006902500,NIH_14_pooled,sex:female,fnr,0.3156891495601173
NIH,densenet121-res224-all,condition_1_original,2006902500,NIH_14_pooled,sex:male,fnr,0.3168019570777271
NIH,densenet121-res224-all,condition_1_original,2006902500,NIH_14_pooled,sex_gap:female-minus-male,fnr,-0.0011128075176098373
NIH,densenet121-res224-all,condition_1_original,342858866,Atelectasis,sex:female,fnr,0.2910958904109589
NIH,densenet121-res224-all,condition_1_original,342858866,Atelectasis,sex:male,fnr,0.29334308705193857
NIH,densenet121-res224-all,condition_1_original,342858866,Atelectasis,sex_gap:female-minus-male,fnr,-0.002247196640979665
NIH,densenet121-res224-all,condition_1_original,342858866,Consolidation,sex:female,fnr,0.20618556701030927
NIH,densenet121-res224-all,condition_1_original,342858866,Consolidation,sex:male,fnr,0.22156862745098038
NIH,densenet121-res224-all,condition_1_original,342858866,Consolidation,sex_gap:female-minus-male,fnr,-0.015383060440671115
NIH,densenet121-res224-all,condition_1_original,342858866,Infiltration,sex:female,fnr,0.4755661501787843
NIH,densenet121-res224-all,condition_1_original,342858866,Infiltration,sex:male,fnr,0.4561631944444444
NIH,densenet121-res224-all,condition_1_original,342858866,Infiltration,sex_gap:female-minus-male,fnr,0.019402955734339866
NIH,densenet121-res224-all,condition_1_original,342858866,Pneumothorax,sex:female,fnr,0.1956043956043956
NIH,densenet121-res224-all,condition_1_original,342858866,Pneumothorax,sex:male,fnr,0.12237093690248566
NIH,densenet121-res224-all,condition_1_original,342858866,Pneumothorax,sex_gap:female-minus-male,fnr,0.07323345870190995
NIH,densenet121-res224-all,condition_1_original,342858866,Edema,sex:female,fnr,0.11173184357541899
NIH,densenet121-res224-all,condition_1_original,342858866,Edema,sex:male,fnr,0.21311475409836064
NIH,densenet121-res224-all,condition_1_original,342858866,Edema,sex_gap:female-minus-male,fnr,-0.10138291052294165
NIH,densenet121-res224-all,condition_1_original,342858866,Emphysema,sex:female,fnr,0.2391304347826087
NIH,densenet121-res224-all,condition_1_original,342858866,Emphysema,sex:male,fnr,0.23011363636363635
NIH,densenet121-res224-all,condition_1_original,342858866,Emphysema,sex_gap:female-minus-male,fnr,0.00901679841897235
NIH,densenet121-res224-all,condition_1_original,342858866,Fibrosis,sex:female,fnr,0.3409090909090909
NIH,densenet121-res224-all,condition_1_original,342858866,Fibrosis,sex:male,fnr,0.3114754098360656
NIH,densenet121-res224-all,condition_1_original,342858866,Fibrosis,sex_gap:female-minus-male,fnr,0.029433681073025297
NIH,densenet121-res224-all,condition_1_original,342858866,Effusion,sex:female,fnr,0.2045045045045045
NIH,densenet121-res224-all,condition_1_original,342858866,Effusion,sex:male,fnr,0.19177126917712692
NIH,densenet121-res224-all,condition_1_original,342858866,Effusion,sex_gap:female-minus-male,fnr,0.012733235327377579
NIH,densenet121-res224-all,condition_1_original,342858866,Pneumonia,sex:female,fnr,0.32710280373831774
NIH,densenet121-res224-all,condition_1_original,342858866,Pneumonia,sex:male,fnr,0.3016759776536313
NIH,densenet121-res224-all,condition_1_original,342858866,Pneumonia,sex_gap:female-minus-male,fnr,0.025426826084686438
NIH,densenet121-res224-all,condition_1_original,342858866,Pleural_Thickening,sex:female,fnr,0.3669064748201439
NIH,densenet121-res224-all,condition_1_original,342858866,Pleural_Thickening,sex:male,fnr,0.32926829268292684
NIH,densenet121-res224-all,condition_1_original,342858866,Pleural_Thickening,sex_gap:female-minus-male,fnr,0.037638182137217036
NIH,densenet121-res224-all,condition_1_original,342858866,Cardiomegaly,sex:female,fnr,0.188
NIH,densenet121-res224-all,condition_1_original,342858866,Cardiomegaly,sex:male,fnr,0.2103448275862069
NIH,densenet121-res224-all,condition_1_original,342858866,Cardiomegaly,sex_gap:female-minus-male,fnr,-0.0223448275862069
NIH,densenet121-res224-all,condition_1_original,342858866,Nodule,sex:female,fnr,0.5475352112676056
NIH,densenet121-res224-all,condition_1_original,342858866,Nodule,sex:male,fnr,0.4098360655737705
NIH,densenet121-res224-all,condition_1_original,342858866,Nodule,sex_gap:female-minus-male,fnr,0.13769914569383512
NIH,densenet121-res224-all,condition_1_original,342858866,Mass,sex:female,fnr,0.29554655870445345
NIH,densenet121-res224-all,condition_1_original,342858866,Mass,sex:male,fnr,0.20790816326530612
NIH,densenet121-res224-all,condition_1_original,342858866,Mass,sex_gap:female-minus-male,fnr,0.08763839543914734
NIH,densenet121-res224-all,condition_1_original,342858866,Hernia,sex:female,fnr,0.06666666666666667
NIH,densenet121-res224-all,condition_1_original,342858866,Hernia,sex:male,fnr,0.34615384615384615
NIH,densenet121-res224-all,condition_1_original,342858866,Hernia,sex_gap:female-minus-male,fnr,-0.2794871794871795
NIH,densenet121-res224-all,condition_1_original,342858866,NIH_14_pooled,sex:female,fnr,0.32775969221663215
NIH,densenet121-res224-all,condition_1_original,342858866,NIH_14_pooled,sex:male,fnr,0.3022661985317587
NIH,densenet121-res224-all,condition_1_original,342858866,NIH_14_pooled,sex_gap:female-minus-male,fnr,0.02549349368487347
NIH,densenet121-res224-all,condition_1_original,1591287646,Atelectasis,sex:female,fnr,0.21239954075774972
NIH,densenet121-res224-all,condition_1_original,1591287646,Atelectasis,sex:male,fnr,0.21705963938973646
NIH,densenet121-res224-all,condition_1_original,1591287646,Atelectasis,sex_gap:female-minus-male,fnr,-0.004660098631986742
NIH,densenet121-res224-all,condition_1_original,1591287646,Consolidation,sex:female,fnr,0.2268041237113402
NIH,densenet121-res224-all,condition_1_original,1591287646,Consolidation,sex:male,fnr,0.22284644194756553
NIH,densenet121-res224-all,condition_1_original,1591287646,Consolidation,sex_gap:female-minus-male,fnr,0.003957681763774673
NIH,densenet121-res224-all,condition_1_original,1591287646,Infiltration,sex:female,fnr,0.4482758620689655
NIH,densenet121-res224-all,condition_1_original,1591287646,Infiltration,sex:male,fnr,0.3882403804582793
NIH,densenet121-res224-all,condition_1_original,1591287646,Infiltration,sex_gap:female-minus-male,fnr,0.060035481610686225
NIH,densenet121-res224-all,condition_1_original,1591287646,Pneumothorax,sex:female,fnr,0.19615384615384615
NIH,densenet121-res224-all,condition_1_original,1591287646,Pneumothorax,sex:male,fnr,0.14202898550724638
NIH,densenet121-res224-all,condition_1_original,1591287646,Pneumothorax,sex_gap:female-minus-male,fnr,0.05412486064659977
NIH,densenet121-res224-all,condition_1_original,1591287646,Edema,sex:female,fnr,0.13953488372093023
NIH,densenet121-res224-all,condition_1_original,1591287646,Edema,sex:male,fnr,0.15510204081632653
NIH,densenet121-res224-all,condition_1_original,1591287646,Edema,sex_gap:female-minus-male,fnr,-0.0155671570953963
NIH,densenet121-res224-all,condition_1_original,1591287646,Emphysema,sex:female,fnr,0.16666666666666666
NIH,densenet121-res224-all,condition_1_original,1591287646,Emphysema,sex:male,fnr,0.1359773371104816
NIH,densenet121-res224-all,condition_1_original,1591287646,Emphysema,sex_gap:female-minus-male,fnr,0.030689329556185058
NIH,densenet121-res224-all,condition_1_original,1591287646,Fibrosis,sex:female,fnr,0.2088607594936709
NIH,densenet121-res224-all,condition_1_original,1591287646,Fibrosis,sex:male,fnr,0.1978021978021978
NIH,densenet121-res224-all,condition_1_original,1591287646,Fibrosis,sex_gap:female-minus-male,fnr,0.011058561691473096
NIH,densenet121-res224-all,condition_1_original,1591287646,Effusion,sex:female,fnr,0.17509025270758122
NIH,densenet121-res224-all,condition_1_original,1591287646,Effusion,sex:male,fnr,0.18971061093247588
NIH,densenet121-res224-all,condition_1_original,1591287646,Effusion,sex_gap:female-minus-male,fnr,-0.014620358224894658
NIH,densenet121-res224-all,condition_1_original,1591287646,Pneumonia,sex:female,fnr,0.32432432432432434
NIH,densenet121-res224-all,condition_1_original,1591287646,Pneumonia,sex:male,fnr,0.3710691823899371
NIH,densenet121-res224-all,condition_1_original,1591287646,Pneumonia,sex_gap:female-minus-male,fnr,-0.04674485806561274
NIH,densenet121-res224-all,condition_1_original,1591287646,Pleural_Thickening,sex:female,fnr,0.3408239700374532
NIH,densenet121-res224-all,condition_1_original,1591287646,Pleural_Thickening,sex:male,fnr,0.32098765432098764
NIH,densenet121-res224-all,condition_1_original,1591287646,Pleural_Thickening,sex_gap:female-minus-male,fnr,0.019836315716465547
NIH,densenet121-res224-all,condition_1_original,1591287646,Cardiomegaly,sex:female,fnr,0.196875
NIH,densenet121-res224-all,condition_1_original,1591287646,Cardiomegaly,sex:male,fnr,0.20955882352941177
NIH,densenet121-res224-all,condition_1_original,1591287646,Cardiomegaly,sex_gap:female-minus-male,fnr,-0.012683823529411775
NIH,densenet121-res224-all,condition_1_original,1591287646,Nodule,sex:female,fnr,0.5196261682242991
NIH,densenet121-res224-all,condition_1_original,1591287646,Nodule,sex:male,fnr,0.4194407456724368
NIH,densenet121-res224-all,condition_1_original,1591287646,Nodule,sex_gap:female-minus-male,fnr,0.1001854225518623
NIH,densenet121-res224-all,condition_1_original,1591287646,Mass,sex:female,fnr,0.37748344370860926
NIH,densenet121-res224-all,condition_1_original,1591287646,Mass,sex:male,fnr,0.22005988023952097
NIH,densenet121-res224-all,condition_1_original,1591287646,Mass,sex_gap:female-minus-male,fnr,0.15742356346908828
NIH,densenet121-res224-all,condition_1_original,1591287646,Hernia,sex:female,fnr,0.2
NIH,densenet121-res224-all,condition_1_original,1591287646,Hernia,sex:male,fnr,0.4
NIH,densenet121-res224-all,condition_1_original,1591287646,Hernia,sex_gap:female-minus-male,fnr,-0.2
NIH,densenet121-res224-all,condition_1_original,1591287646,NIH_14_pooled,sex:female,fnr,0.30101515374429894
NIH,densenet121-res224-all,condition_1_original,1591287646,NIH_14_pooled,sex:male,fnr,0.26721533493072197
NIH,densenet121-res224-all,condition_1_original,1591287646,NIH_14_pooled,sex_gap:female-minus-male,fnr,0.033799818813576965
NIH,densenet121-res224-all,condition_1_original,2763601433,Atelectasis,sex:female,fnr,0.2740021574973031
NIH,densenet121-res224-all,condition_1_original,2763601433,Atelectasis,sex:male,fnr,0.27847049044056527
NIH,densenet121-res224-all,condition_1_original,2763601433,Atelectasis,sex_gap:female-minus-male,fnr,-0.004468332943262154
NIH,densenet121-res224-all,condition_1_original,2763601433,Consolidation,sex:female,fnr,0.2458628841607565
NIH,densenet121-res224-all,condition_1_original,2763601433,Consolidation,sex:male,fnr,0.1889763779527559
NIH,densenet121-res224-all,condition_1_original,2763601433,Consolidation,sex_gap:female-minus-male,fnr,0.05688650620800059
NIH,densenet121-res224-all,condition_1_original,2763601433,Infiltration,sex:female,fnr,0.4387132556849695
NIH,densenet121-res224-all,condition_1_original,2763601433,Infiltration,sex:male,fnr,0.45734597156398105
NIH,densenet121-res224-all,condition_1_original,2763601433,Infiltration,sex_gap:female-minus-male,fnr,-0.018632715879011552
NIH,densenet121-res224-all,condition_1_original,2763601433,Pneumothorax,sex:female,fnr,0.22013651877133106
NIH,densenet121-res224-all,condition_1_original,2763601433,Pneumothorax,sex:male,fnr,0.2042755344418052
NIH,densenet121-res224-all,condition_1_original,2763601433,Pneumothorax,sex_gap:female-minus-male,fnr,0.015860984329525846
NIH,densenet121-res224-all,condition_1_original,2763601433,Edema,sex:female,fnr,0.17647058823529413
NIH,densenet121-res224-all,condition_1_original,2763601433,Edema,sex:male,fnr,0.15384615384615385
NIH,densenet121-res224-all,condition_1_original,2763601433,Edema,sex_gap:female-minus-male,fnr,0.022624434389140274
NIH,densenet121-res224-all,condition_1_original,2763601433,Emphysema,sex:female,fnr,0.2810810810810811
NIH,densenet121-res224-all,condition_1_original,2763601433,Emphysema,sex:male,fnr,0.27181208053691275
NIH,densenet121-res224-all,condition_1_original,2763601433,Emphysema,sex_gap:female-minus-male,fnr,0.009269000544168349
NIH,densenet121-res224-all,condition_1_original,2763601433,Fibrosis,sex:female,fnr,0.3313253012048193
NIH,densenet121-res224-all,condition_1_original,2763601433,Fibrosis,sex:male,fnr,0.4129032258064516
NIH,densenet121-res224-all,condition_1_original,2763601433,Fibrosis,sex_gap:female-minus-male,fnr,-0.08157792460163232
NIH,densenet121-res224-all,condition_1_original,2763601433,Effusion,sex:female,fnr,0.1862123613312203
NIH,densenet121-res224-all,condition_1_original,2763601433,Effusion,sex:male,fnr,0.22623723487824038
NIH,densenet121-res224-all,condition_1_original,2763601433,Effusion,sex_gap:female-minus-male,fnr,-0.040024873547020084
NIH,densenet121-res224-all,condition_1_original,2763601433,Pneumonia,sex:female,fnr,0.3300970873786408
NIH,densenet121-res224-all,condition_1_original,2763601433,Pneumonia,sex:male,fnr,0.33587786259541985
NIH,densenet121-res224-all,condition_1_original,2763601433,Pneumonia,sex_gap:female-minus-male,fnr,-0.005780775216779055
NIH,densenet121-res224-all,condition_1_original,2763601433,Pleural_Thickening,sex:female,fnr,0.24817518248175183
NIH,densenet121-res224-all,condition_1_original,2763601433,Pleural_Thickening,sex:male,fnr,0.39823008849557523
NIH,densenet121-res224-all,condition_1_original,2763601433,Pleural_Thickening,sex_gap:female-minus-male,fnr,-0.1500549060138234
NIH,densenet121-res224-all,condition_1_original,2763601433,Cardiomegaly,sex:female,fnr,0.19230769230769232
NIH,densenet121-res224-all,condition_1_original,2763601433,Cardiomegaly,sex:male,fnr,0.23846153846153847
NIH,densenet121-res224-all,condition_1_original,2763601433,Cardiomegaly,sex_gap:female-minus-male,fnr,-0.046153846153846156
NIH,densenet121-res224-all,condition_1_original,2763601433,Nodule,sex:female,fnr,0.5371900826446281
NIH,densenet121-res224-all,condition_1_original,2763601433,Nodule,sex:male,fnr,0.4096551724137931
NIH,densenet121-res224-all,condition_1_original,2763601433,Nodule,sex_gap:female-minus-male,fnr,0.12753491023083496
NIH,densenet121-res224-all,condition_1_original,2763601433,Mass,sex:female,fnr,0.3251121076233184
NIH,densenet121-res224-all,condition_1_original,2763601433,Mass,sex:male,fnr,0.23607038123167157
NIH,densenet121-res224-all,condition_1_original,2763601433,Mass,sex_gap:female-minus-male,fnr,0.08904172639164681
NIH,densenet121-res224-all,condition_1_original,2763601433,Hernia,sex:female,fnr,0.16666666666666666
NIH,densenet121-res224-all,condition_1_original,2763601433,Hernia,sex:male,fnr,0.18181818181818182
NIH,densenet121-res224-all,condition_1_original,2763601433,Hernia,sex_gap:female-minus-male,fnr,-0.015151515151515166
NIH,densenet121-res224-all,condition_1_original,2763601433,NIH_14_pooled,sex:female,fnr,0.3081899518238128
NIH,densenet121-res224-all,condition_1_original,2763601433,NIH_14_pooled,sex:male,fnr,0.3173502331699151
NIH,densenet121-res224-all,condition_1_original,2763601433,NIH_14_pooled,sex_gap:female-minus-male,fnr,-0.009160281346102306
NIH,densenet121-res224-all,condition_1_original,1524358342,Atelectasis,sex:female,fnr,0.21794871794871795
NIH,densenet121-res224-all,condition_1_original,1524358342,Atelectasis,sex:male,fnr,0.21838235294117647
NIH,densenet121-res224-all,condition_1_original,1524358342,Atelectasis,sex_gap:female-minus-male,fnr,-0.00043363499245852033
NIH,densenet121-res224-all,condition_1_original,1524358342,Consolidation,sex:female,fnr,0.17101449275362318
NIH,densenet121-res224-all,condition_1_original,1524358342,Consolidation,sex:male,fnr,0.1824953445065177
NIH,densenet121-res224-all,condition_1_original,1524358342,Consolidation,sex_gap:female-minus-male,fnr,-0.011480851752894511
NIH,densenet121-res224-all,condition_1_original,1524358342,Infiltration,sex:female,fnr,0.47494172494172493
NIH,densenet121-res224-all,condition_1_original,1524358342,Infiltration,sex:male,fnr,0.41171290180537207
NIH,densenet121-res224-all,condition_1_original,1524358342,Infiltration,sex_gap:female-minus-male,fnr,0.06322882313635286
NIH,densenet121-res224-all,condition_1_original,1524358342,Pneumothorax,sex:female,fnr,0.22929936305732485
NIH,densenet121-res224-all,condition_1_original,1524358342,Pneumothorax,sex:male,fnr,0.22263450834879406
NIH,densenet121-res224-all,condition_1_original,1524358342,Pneumothorax,sex_gap:female-minus-male,fnr,0.006664854708530787
NIH,densenet121-res224-all,condition_1_original,1524358342,Edema,sex:female,fnr,0.19696969696969696
NIH,densenet121-res224-all,condition_1_original,1524358342,Edema,sex:male,fnr,0.2033898305084746
NIH,densenet121-res224-all,condition_1_original,1524358342,Edema,sex_gap:female-minus-male,fnr,-0.006420133538777628
NIH,densenet121-res224-all,condition_1_original,1524358342,Emphysema,sex:female,fnr,0.36423841059602646
NIH,densenet121-res224-all,condition_1_original,1524358342,Emphysema,sex:male,fnr,0.2361963190184049
NIH,densenet121-res224-all,condition_1_original,1524358342,Emphysema,sex_gap:female-minus-male,fnr,0.12804209157762156
NIH,densenet121-res224-all,condition_1_original,1524358342,Fibrosis,sex:female,fnr,0.4491017964071856
NIH,densenet121-res224-all,condition_1_original,1524358342,Fibrosis,sex:male,fnr,0.33980582524271846
NIH,densenet121-res224-all,condition_1_original,1524358342,Fibrosis,sex_gap:female-minus-male,fnr,0.10929597116446715
NIH,densenet121-res224-all,condition_1_original,1524358342,Effusion,sex:female,fnr,0.19831618334892423
NIH,densenet121-res224-all,condition_1_original,1524358342,Effusion,sex:male,fnr,0.18333333333333332
NIH,densenet121-res224-all,condition_1_original,1524358342,Effusion,sex_gap:female-minus-male,fnr,0.01498285001559091
NIH,densenet121-res224-all,condition_1_original,1524358342,Pneumonia,sex:female,fnr,0.4107142857142857
NIH,densenet121-res224-all,condition_1_original,1524358342,Pneumonia,sex:male,fnr,0.22994652406417113
NIH,densenet121-res224-all,condition_1_original,1524358342,Pneumonia,sex_gap:female-minus-male,fnr,0.18076776165011457
NIH,densenet121-res224-all,condition_1_original,1524358342,Pleural_Thickening,sex:female,fnr,0.350597609561753
NIH,densenet121-res224-all,condition_1_original,1524358342,Pleural_Thickening,sex:male,fnr,0.3466666666666667
NIH,densenet121-res224-all,condition_1_original,1524358342,Pleural_Thickening,sex_gap:female-minus-male,fnr,0.003930942895086331
NIH,densenet121-res224-all,condition_1_original,1524358342,Cardiomegaly,sex:female,fnr,0.23310810810810811
NIH,densenet121-res224-all,condition_1_original,1524358342,Cardiomegaly,sex:male,fnr,0.2826086956521739
NIH,densenet121-res224-all,condition_1_original,1524358342,Cardiomegaly,sex_gap:female-minus-male,fnr,-0.04950058754406578
NIH,densenet121-res224-all,condition_1_original,1524358342,Nodule,sex:female,fnr,0.5793650793650794
NIH,densenet121-res224-all,condition_1_original,1524358342,Nodule,sex:male,fnr,0.4750337381916329
NIH,densenet121-res224-all,condition_1_original,1524358342,Nodule,sex_gap:female-minus-male,fnr,0.1043313411734465
NIH,densenet121-res224-all,condition_1_original,1524358342,Mass,sex:female,fnr,0.317351598173516
NIH,densenet121-res224-all,condition_1_original,1524358342,Mass,sex:male,fnr,0.27522935779816515
NIH,densenet121-res224-all,condition_1_original,1524358342,Mass,sex_gap:female-minus-male,fnr,0.04212224037535084
NIH,densenet121-res224-all,condition_1_original,1524358342,Hernia,sex:female,fnr,0.16666666666666666
NIH,densenet121-res224-all,condition_1_original,1524358342,Hernia,sex:male,fnr,0.25
NIH,densenet121-res224-all,condition_1_original,1524358342,Hernia,sex_gap:female-minus-male,fnr,-0.08333333333333334
NIH,densenet121-res224-all,condition_1_original,1524358342,NIH_14_pooled,sex:female,fnr,0.331365425370875
NIH,densenet121-res224-all,condition_1_original,1524358342,NIH_14_pooled,sex:male,fnr,0.29364910790144433
NIH,densenet121-res224-all,condition_1_original,1524358342,NIH_14_pooled,sex_gap:female-minus-male,fnr,0.03771631746943066
